filename,slug,title,category,role_group,price_tier,frontmatter_path,alt_text,prompt,done
aged-cheddar.jpg,aged-cheddar,Aged Cheddar,Cheese,Aged & hard,$$,/images/ingredients/aged-cheddar.jpg,Aged Cheddar styled on a charcuterie board,"Close-up editorial food photograph of aged cheddar — pale ivory to deep amber, dry-looking, often cloth-bound. Presented on a pale grey-veined marble slab, with a small bone-handled cheese knife resting alongside. Styled as it would be served on a charcuterie board: cut thick. Soft diffused natural window light from the upper left, gentle shadows, shallow depth of field, muted warm editorial palette, 3:2 landscape, food-magazine styling, photorealistic. No text, no logos, no hands, no people.",
aged-gouda.jpg,aged-gouda,Aged Gouda,Cheese,Aged & hard,$$,/images/ingredients/aged-gouda.jpg,Aged Gouda styled on a charcuterie board,"Close-up editorial food photograph of aged gouda — deep amber to brown, dry, glassy at the crystals. Presented on a pale grey-veined marble slab, with a small bone-handled cheese knife resting alongside. Styled as it would be served on a charcuterie board: break it into shards. Soft diffused natural window light from the upper left, gentle shadows, shallow depth of field, muted warm editorial palette, 3:2 landscape, food-magazine styling, photorealistic. No text, no logos, no hands, no people.",
aged-provolone.jpg,aged-provolone,Aged Provolone,Cheese,Aged & hard,$$,/images/ingredients/aged-provolone.jpg,Aged Provolone styled on a charcuterie board,"Close-up editorial food photograph of aged provolone — pale gold, smooth waxy rind, often pear-shaped or hung in ropes. Presented on a pale grey-veined marble slab, with a small bone-handled cheese knife resting alongside. Styled as it would be served on a charcuterie board: cut into thick batons or chunks. Soft diffused natural window light from the upper left, gentle shadows, shallow depth of field, muted warm editorial palette, 3:2 landscape, food-magazine styling, photorealistic. No text, no logos, no hands, no people.",
asiago.jpg,asiago,Asiago,Cheese,Aged & hard,$,/images/ingredients/asiago.jpg,Asiago styled on a charcuterie board,"Close-up editorial food photograph of asiago — pale ivory with small holes fresh; deep straw and dry aged. Presented on a pale grey-veined marble slab, with a small bone-handled cheese knife resting alongside. Styled as it would be served on a charcuterie board: cut into thin slices and small cubes. Soft diffused natural window light from the upper left, gentle shadows, shallow depth of field, muted warm editorial palette, 3:2 landscape, food-magazine styling, photorealistic. No text, no logos, no hands, no people.",
beaufort.jpg,beaufort,Beaufort,Cheese,Aged & hard,$$$,/images/ingredients/beaufort.jpg,Beaufort styled on a charcuterie board,"Close-up editorial food photograph of beaufort — deep golden paste, concave-sided wheel, natural rind. Presented on a pale grey-veined marble slab, with a small bone-handled cheese knife resting alongside. Styled as it would be served on a charcuterie board: cut thick batons or rough wedges. Soft diffused natural window light from the upper left, gentle shadows, shallow depth of field, muted warm editorial palette, 3:2 landscape, food-magazine styling, photorealistic. No text, no logos, no hands, no people.",
comte.jpg,comte,Comté,Cheese,Aged & hard,$$,/images/ingredients/comte.jpg,Comté styled on a charcuterie board,"Close-up editorial food photograph of comté — pale gold to deep yellow, natural brown rind. Presented on a pale grey-veined marble slab, with a small bone-handled cheese knife resting alongside. Styled as it would be served on a charcuterie board: cut it into thick batons or short wedges. Soft diffused natural window light from the upper left, gentle shadows, shallow depth of field, muted warm editorial palette, 3:2 landscape, food-magazine styling, photorealistic. No text, no logos, no hands, no people.",
cotija.jpg,cotija,Cotija,Cheese,Aged & hard,$,/images/ingredients/cotija.jpg,Cotija styled on a charcuterie board,"Close-up editorial food photograph of cotija — stark white, matte, no rind. Presented on a pale grey-veined marble slab, with a small bone-handled cheese knife resting alongside. Styled as it would be served on a charcuterie board: crumble it into a small bowl. Soft diffused natural window light from the upper left, gentle shadows, shallow depth of field, muted warm editorial palette, 3:2 landscape, food-magazine styling, photorealistic. No text, no logos, no hands, no people.",
cotswold.jpg,cotswold,Cotswold,Cheese,Aged & hard,$,/images/ingredients/cotswold.jpg,Cotswold styled on a charcuterie board,"Close-up editorial food photograph of cotswold — vivid orange paste with green flecks throughout. Presented on a pale grey-veined marble slab, with a small bone-handled cheese knife resting alongside. Styled as it would be served on a charcuterie board: cut into thick batons or cubes. Soft diffused natural window light from the upper left, gentle shadows, shallow depth of field, muted warm editorial palette, 3:2 landscape, food-magazine styling, photorealistic. No text, no logos, no hands, no people.",
emmental.jpg,emmental,Emmental,Cheese,Aged & hard,$,/images/ingredients/emmental.jpg,Emmental styled on a charcuterie board,"Close-up editorial food photograph of emmental — pale yellow with large round holes, thin natural rind. Presented on a pale grey-veined marble slab, with a small bone-handled cheese knife resting alongside. Styled as it would be served on a charcuterie board: cut into thick batons or triangles. Soft diffused natural window light from the upper left, gentle shadows, shallow depth of field, muted warm editorial palette, 3:2 landscape, food-magazine styling, photorealistic. No text, no logos, no hands, no people.",
grana-padano.jpg,grana-padano,Grana Padano,Cheese,Aged & hard,$$,/images/ingredients/grana-padano.jpg,Grana Padano styled on a charcuterie board,"Close-up editorial food photograph of grana padano — pale straw, dry, thick natural rind. Presented on a pale grey-veined marble slab, with a small bone-handled cheese knife resting alongside. Styled as it would be served on a charcuterie board: break it into shards. Soft diffused natural window light from the upper left, gentle shadows, shallow depth of field, muted warm editorial palette, 3:2 landscape, food-magazine styling, photorealistic. No text, no logos, no hands, no people.",
gruyere.jpg,gruyere,Gruyère,Cheese,Aged & hard,$$,/images/ingredients/gruyere.jpg,Gruyère styled on a charcuterie board,"Close-up editorial food photograph of gruyère — pale gold, natural brownish rind, occasional small eyes. Presented on a pale grey-veined marble slab, with a small bone-handled cheese knife resting alongside. Styled as it would be served on a charcuterie board: cut into thick batons or rough chunks. Soft diffused natural window light from the upper left, gentle shadows, shallow depth of field, muted warm editorial palette, 3:2 landscape, food-magazine styling, photorealistic. No text, no logos, no hands, no people.",
idiazabal.jpg,idiazabal,Idiazábal,Cheese,Aged & hard,$$$,/images/ingredients/idiazabal.jpg,Idiazábal styled on a charcuterie board,"Close-up editorial food photograph of idiazábal — ivory paste, hard amber-brown rind. Presented on a pale grey-veined marble slab, with a small bone-handled cheese knife resting alongside. Styled as it would be served on a charcuterie board: cut thin triangular wedges. Soft diffused natural window light from the upper left, gentle shadows, shallow depth of field, muted warm editorial palette, 3:2 landscape, food-magazine styling, photorealistic. No text, no logos, no hands, no people.",
mahon.jpg,mahon,Mahón,Cheese,Aged & hard,$$,/images/ingredients/mahon.jpg,Mahón styled on a charcuterie board,"Close-up editorial food photograph of mahón — pale ivory to deep gold paste, orange paprika-rubbed rind. Presented on a pale grey-veined marble slab, with a small bone-handled cheese knife resting alongside. Styled as it would be served on a charcuterie board: cut into thin triangular wedges. Soft diffused natural window light from the upper left, gentle shadows, shallow depth of field, muted warm editorial palette, 3:2 landscape, food-magazine styling, photorealistic. No text, no logos, no hands, no people.",
manchego.jpg,manchego,Manchego,Cheese,Aged & hard,$$,/images/ingredients/manchego.jpg,Manchego styled on a charcuterie board,"Close-up editorial food photograph of manchego — ivory to golden paste, dark rind with a zigzag basketweave pattern. Presented on a pale grey-veined marble slab, with a small bone-handled cheese knife resting alongside. Styled as it would be served on a charcuterie board: cut it into thin triangular wedges. Soft diffused natural window light from the upper left, gentle shadows, shallow depth of field, muted warm editorial palette, 3:2 landscape, food-magazine styling, photorealistic. No text, no logos, no hands, no people.",
mimolette.jpg,mimolette,Mimolette,Cheese,Aged & hard,$$$,/images/ingredients/mimolette.jpg,Mimolette styled on a charcuterie board,"Close-up editorial food photograph of mimolette — vivid orange paste, grey pitted rind like a small moon. Presented on a pale grey-veined marble slab, with a small bone-handled cheese knife resting alongside. Styled as it would be served on a charcuterie board: break it into shards. Soft diffused natural window light from the upper left, gentle shadows, shallow depth of field, muted warm editorial palette, 3:2 landscape, food-magazine styling, photorealistic. No text, no logos, no hands, no people.",
parmigiano-reggiano.jpg,parmigiano-reggiano,Parmigiano-Reggiano,Cheese,Aged & hard,$$$,/images/ingredients/parmigiano-reggiano.jpg,Parmigiano-Reggiano styled on a charcuterie board,"Close-up editorial food photograph of parmigiano-reggiano — pale straw yellow, dry, with a thick natural rind. Presented on a pale grey-veined marble slab, with a small bone-handled cheese knife resting alongside. Styled as it would be served on a charcuterie board: break it, don't slice it. Soft diffused natural window light from the upper left, gentle shadows, shallow depth of field, muted warm editorial palette, 3:2 landscape, food-magazine styling, photorealistic. No text, no logos, no hands, no people.",
pecorino-romano.jpg,pecorino-romano,Pecorino Romano,Cheese,Aged & hard,$$,/images/ingredients/pecorino-romano.jpg,Pecorino Romano styled on a charcuterie board,"Close-up editorial food photograph of pecorino romano — white to pale straw, much whiter than Parmigiano. Presented on a pale grey-veined marble slab, with a small bone-handled cheese knife resting alongside. Styled as it would be served on a charcuterie board: break it into small shards. Soft diffused natural window light from the upper left, gentle shadows, shallow depth of field, muted warm editorial palette, 3:2 landscape, food-magazine styling, photorealistic. No text, no logos, no hands, no people.",
red-leicester.jpg,red-leicester,Red Leicester,Cheese,Aged & hard,$,/images/ingredients/red-leicester.jpg,Red Leicester styled on a charcuterie board,"Close-up editorial food photograph of red leicester — deep orange-russet paste, dry natural rind on farmhouse versions. Presented on a pale grey-veined marble slab, with a small bone-handled cheese knife resting alongside. Styled as it would be served on a charcuterie board: cut into thick chunks or short batons. Soft diffused natural window light from the upper left, gentle shadows, shallow depth of field, muted warm editorial palette, 3:2 landscape, food-magazine styling, photorealistic. No text, no logos, no hands, no people.",
smoked-gouda.jpg,smoked-gouda,Smoked Gouda,Cheese,Aged & hard,$,/images/ingredients/smoked-gouda.jpg,Smoked Gouda styled on a charcuterie board,"Close-up editorial food photograph of smoked gouda — pale yellow paste with a distinct brown outer edge. Presented on a pale grey-veined marble slab, with a small bone-handled cheese knife resting alongside. Styled as it would be served on a charcuterie board: cut into cubes or thin slices. Soft diffused natural window light from the upper left, gentle shadows, shallow depth of field, muted warm editorial palette, 3:2 landscape, food-magazine styling, photorealistic. No text, no logos, no hands, no people.",
bleu-dauvergne.jpg,bleu-dauvergne,Bleu d'Auvergne,Cheese,Blue,$$,/images/ingredients/bleu-dauvergne.jpg,Bleu d'Auvergne styled on a charcuterie board,"Close-up editorial food photograph of bleu d'auvergne — ivory paste with even blue-green veining, thin natural rind. Presented on a pale grey-veined marble slab, with a small bone-handled cheese knife resting alongside. Styled as it would be served on a charcuterie board: cut wedges from the center out. Soft diffused natural window light from the upper left, gentle shadows, shallow depth of field, muted warm editorial palette, 3:2 landscape, food-magazine styling, photorealistic. No text, no logos, no hands, no people.",
cabrales.jpg,cabrales,Cabrales,Cheese,Blue,$$$,/images/ingredients/cabrales.jpg,Cabrales styled on a charcuterie board,"Close-up editorial food photograph of cabrales — ivory to grey paste, heavily veined blue-green, no rind. Presented on a pale grey-veined marble slab, with a small bone-handled cheese knife resting alongside. Styled as it would be served on a charcuterie board: serve half an ounce per person. Soft diffused natural window light from the upper left, gentle shadows, shallow depth of field, muted warm editorial palette, 3:2 landscape, food-magazine styling, photorealistic. No text, no logos, no hands, no people.",
cambozola.jpg,cambozola,Cambozola,Cheese,Blue,$$,/images/ingredients/cambozola.jpg,Cambozola styled on a charcuterie board,"Close-up editorial food photograph of cambozola — ivory paste with faint blue-grey veining, white bloomy rind. Presented on a pale grey-veined marble slab, with a small bone-handled cheese knife resting alongside. Styled as it would be served on a charcuterie board: cut wedges from the center out. Soft diffused natural window light from the upper left, gentle shadows, shallow depth of field, muted warm editorial palette, 3:2 landscape, food-magazine styling, photorealistic. No text, no logos, no hands, no people.",
danish-blue.jpg,danish-blue,Danish Blue,Cheese,Blue,$,/images/ingredients/danish-blue.jpg,Danish Blue styled on a charcuterie board,"Close-up editorial food photograph of danish blue — very white paste with dense blue-green veining. Presented on a pale grey-veined marble slab, with a small bone-handled cheese knife resting alongside. Styled as it would be served on a charcuterie board: crumble it rather than slicing. Soft diffused natural window light from the upper left, gentle shadows, shallow depth of field, muted warm editorial palette, 3:2 landscape, food-magazine styling, photorealistic. No text, no logos, no hands, no people.",
gorgonzola.jpg,gorgonzola,Gorgonzola,Cheese,Blue,$$,/images/ingredients/gorgonzola.jpg,Gorgonzola styled on a charcuterie board,"Close-up editorial food photograph of gorgonzola — ivory paste with blue-green veining, thin natural rind. Presented on a pale grey-veined marble slab, with a small bone-handled cheese knife resting alongside. Styled as it would be served on a charcuterie board: a cut wedge with blue-green veining, softly slumping at the point. Soft diffused natural window light from the upper left, gentle shadows, shallow depth of field, muted warm editorial palette, 3:2 landscape, food-magazine styling, photorealistic. No text, no logos, no hands, no people.",
maytag-blue.jpg,maytag-blue,Maytag Blue,Cheese,Blue,$$,/images/ingredients/maytag-blue.jpg,Maytag Blue styled on a charcuterie board,"Close-up editorial food photograph of maytag blue — white paste with dense blue-green veining, no rind. Presented on a pale grey-veined marble slab, with a small bone-handled cheese knife resting alongside. Styled as it would be served on a charcuterie board: crumble it. Soft diffused natural window light from the upper left, gentle shadows, shallow depth of field, muted warm editorial palette, 3:2 landscape, food-magazine styling, photorealistic. No text, no logos, no hands, no people.",
roquefort.jpg,roquefort,Roquefort,Cheese,Blue,$$$,/images/ingredients/roquefort.jpg,Roquefort styled on a charcuterie board,"Close-up editorial food photograph of roquefort — stark white paste heavily marbled with blue-green, no rind. Presented on a pale grey-veined marble slab, with a small bone-handled cheese knife resting alongside. Styled as it would be served on a charcuterie board: cut with a wire or floss. Soft diffused natural window light from the upper left, gentle shadows, shallow depth of field, muted warm editorial palette, 3:2 landscape, food-magazine styling, photorealistic. No text, no logos, no hands, no people.",
stilton.jpg,stilton,Stilton,Cheese,Blue,$$,/images/ingredients/stilton.jpg,Stilton styled on a charcuterie board,"Close-up editorial food photograph of stilton — pale ivory paste with blue-green veining, dry brown crusty rind. Presented on a pale grey-veined marble slab, with a small bone-handled cheese knife resting alongside. Styled as it would be served on a charcuterie board: cut wedges from the center out. Soft diffused natural window light from the upper left, gentle shadows, shallow depth of field, muted warm editorial palette, 3:2 landscape, food-magazine styling, photorealistic. No text, no logos, no hands, no people.",
bucheron.jpg,bucheron,Bucheron,Cheese,Goat & sheep,$$,/images/ingredients/bucheron.jpg,Bucheron styled on a charcuterie board,"Close-up editorial food photograph of bucheron — white log with a bloomy rind and a visible creamline in cross-section. Presented on a pale grey-veined marble slab, with a small bone-handled cheese knife resting alongside. Styled as it would be served on a charcuterie board: cut discs with dental floss or a wire. Soft diffused natural window light from the upper left, gentle shadows, shallow depth of field, muted warm editorial palette, 3:2 landscape, food-magazine styling, photorealistic. No text, no logos, no hands, no people.",
cranberry-goat-cheese.jpg,cranberry-goat-cheese,Cranberry Goat Cheese,Cheese,Goat & sheep,$$,/images/ingredients/cranberry-goat-cheese.jpg,Cranberry Goat Cheese styled on a charcuterie board,"Close-up editorial food photograph of cranberry goat cheese — white log with a deep red and green crust. Presented on a pale grey-veined marble slab, with a small bone-handled cheese knife resting alongside. Styled as it would be served on a charcuterie board: slice with floss or wire. Soft diffused natural window light from the upper left, gentle shadows, shallow depth of field, muted warm editorial palette, 3:2 landscape, food-magazine styling, photorealistic. No text, no logos, no hands, no people.",
crottin-de-chavignol.jpg,crottin-de-chavignol,Crottin de Chavignol,Cheese,Goat & sheep,$$,/images/ingredients/crottin-de-chavignol.jpg,Crottin de Chavignol styled on a charcuterie board,"Close-up editorial food photograph of crottin de chavignol — a small flat-topped cylinder, white to dark brown depending on age. Presented on a pale grey-veined marble slab, with a small bone-handled cheese knife resting alongside. Styled as it would be served on a charcuterie board: serve them whole or halved. Soft diffused natural window light from the upper left, gentle shadows, shallow depth of field, muted warm editorial palette, 3:2 landscape, food-magazine styling, photorealistic. No text, no logos, no hands, no people.",
drunken-goat.jpg,drunken-goat,Drunken Goat,Cheese,Goat & sheep,$$,/images/ingredients/drunken-goat.jpg,Drunken Goat styled on a charcuterie board,"Close-up editorial food photograph of drunken goat — stark white paste with a vivid purple-violet rind. Presented on a pale grey-veined marble slab, with a small bone-handled cheese knife resting alongside. Styled as it would be served on a charcuterie board: cut thin wedges with the purple rind on the outer edge. Soft diffused natural window light from the upper left, gentle shadows, shallow depth of field, muted warm editorial palette, 3:2 landscape, food-magazine styling, photorealistic. No text, no logos, no hands, no people.",
garrotxa.jpg,garrotxa,Garrotxa,Cheese,Goat & sheep,$$,/images/ingredients/garrotxa.jpg,Garrotxa styled on a charcuterie board,"Close-up editorial food photograph of garrotxa — bright white paste under a thick velvet grey-blue rind. Presented on a pale grey-veined marble slab, with a small bone-handled cheese knife resting alongside. Styled as it would be served on a charcuterie board: cut wedges with the grey rind attached. Soft diffused natural window light from the upper left, gentle shadows, shallow depth of field, muted warm editorial palette, 3:2 landscape, food-magazine styling, photorealistic. No text, no logos, no hands, no people.",
humboldt-fog.jpg,humboldt-fog,Humboldt Fog,Cheese,Goat & sheep,$$$,/images/ingredients/humboldt-fog.jpg,Humboldt Fog styled on a charcuterie board,"Close-up editorial food photograph of humboldt fog — white round with a black ash line through the middle and an. Presented on a pale grey-veined marble slab, with a small bone-handled cheese knife resting alongside. Styled as it would be served on a charcuterie board: cut wedges from the center out. Soft diffused natural window light from the upper left, gentle shadows, shallow depth of field, muted warm editorial palette, 3:2 landscape, food-magazine styling, photorealistic. No text, no logos, no hands, no people.",
ossau-iraty.jpg,ossau-iraty,Ossau-Iraty,Cheese,Goat & sheep,$$,/images/ingredients/ossau-iraty.jpg,Ossau-Iraty styled on a charcuterie board,"Close-up editorial food photograph of ossau-iraty — ivory to pale gold paste, natural grey-brown rind. Presented on a pale grey-veined marble slab, with a small bone-handled cheese knife resting alongside. Styled as it would be served on a charcuterie board: cut into thin wedges or batons. Soft diffused natural window light from the upper left, gentle shadows, shallow depth of field, muted warm editorial palette, 3:2 landscape, food-magazine styling, photorealistic. No text, no logos, no hands, no people.",
pecorino-toscano.jpg,pecorino-toscano,Pecorino Toscano,Cheese,Goat & sheep,$$,/images/ingredients/pecorino-toscano.jpg,Pecorino Toscano styled on a charcuterie board,"Close-up editorial food photograph of pecorino toscano — ivory to pale straw paste, rind ranging from pale yellow to deep red. Presented on a pale grey-veined marble slab, with a small bone-handled cheese knife resting alongside. Styled as it would be served on a charcuterie board: cut into thin wedges. Soft diffused natural window light from the upper left, gentle shadows, shallow depth of field, muted warm editorial palette, 3:2 landscape, food-magazine styling, photorealistic. No text, no logos, no hands, no people.",
roncal.jpg,roncal,Roncal,Cheese,Goat & sheep,$$,/images/ingredients/roncal.jpg,Roncal styled on a charcuterie board,"Close-up editorial food photograph of roncal — ivory to deep straw paste, hard brown natural rind. Presented on a pale grey-veined marble slab, with a small bone-handled cheese knife resting alongside. Styled as it would be served on a charcuterie board: cut thin triangular wedges. Soft diffused natural window light from the upper left, gentle shadows, shallow depth of field, muted warm editorial palette, 3:2 landscape, food-magazine styling, photorealistic. No text, no logos, no hands, no people.",
sainte-maure.jpg,sainte-maure,Sainte-Maure de Touraine,Cheese,Goat & sheep,$$$,/images/ingredients/sainte-maure.jpg,Sainte-Maure de Touraine styled on a charcuterie board,"Close-up editorial food photograph of sainte-maure de touraine — tapered grey-black ash log with a straw protruding from one end. Presented on a pale grey-veined marble slab, with a small bone-handled cheese knife resting alongside. Styled as it would be served on a charcuterie board: cut discs with floss or a wire. Soft diffused natural window light from the upper left, gentle shadows, shallow depth of field, muted warm editorial palette, 3:2 landscape, food-magazine styling, photorealistic. No text, no logos, no hands, no people.",
valencay.jpg,valencay,Valençay,Cheese,Goat & sheep,$$$,/images/ingredients/valencay.jpg,Valençay styled on a charcuterie board,"Close-up editorial food photograph of valençay — grey-black ash-covered pyramid with the top cut flat. Presented on a pale grey-veined marble slab, with a small bone-handled cheese knife resting alongside. Styled as it would be served on a charcuterie board: serve it whole, or cut one wedge and leave the rest standing. Soft diffused natural window light from the upper left, gentle shadows, shallow depth of field, muted warm editorial palette, 3:2 landscape, food-magazine styling, photorealistic. No text, no logos, no hands, no people.",
almond-ricotta.jpg,almond-ricotta,Almond Ricotta,Cheese,Plant-based,$$,/images/ingredients/almond-ricotta.jpg,Almond Ricotta styled on a charcuterie board,"Close-up editorial food photograph of almond ricotta — white to pale ivory, matte, visibly textured. Presented on a pale grey-veined marble slab, with a small bone-handled cheese knife resting alongside. Styled as it would be served on a charcuterie board: spread it in a shallow bowl. Soft diffused natural window light from the upper left, gentle shadows, shallow depth of field, muted warm editorial palette, 3:2 landscape, food-magazine styling, photorealistic. No text, no logos, no hands, no people.",
cashew-cheese.jpg,cashew-cheese,Cashew Cheese,Cheese,Plant-based,$$$,/images/ingredients/cashew-cheese.jpg,Cashew Cheese styled on a charcuterie board,"Close-up editorial food photograph of cashew cheese — pale ivory, matte, sometimes with a bloomy or ash rind. Presented on a pale grey-veined marble slab, with a small bone-handled cheese knife resting alongside. Styled as it would be served on a charcuterie board: spread thick in a small bowl, textured with the back of a spoon. Soft diffused natural window light from the upper left, gentle shadows, shallow depth of field, muted warm editorial palette, 3:2 landscape, food-magazine styling, photorealistic. No text, no logos, no hands, no people.",
vegan-brie.jpg,vegan-brie,Vegan Brie,Cheese,Plant-based,$$$,/images/ingredients/vegan-brie.jpg,Vegan Brie styled on a charcuterie board,"Close-up editorial food photograph of vegan brie — small white wheel with a genuine bloomy rind. Presented on a pale grey-veined marble slab, with a small bone-handled cheese knife resting alongside. Styled as it would be served on a charcuterie board: cut wedges from the center out. Soft diffused natural window light from the upper left, gentle shadows, shallow depth of field, muted warm editorial palette, 3:2 landscape, food-magazine styling, photorealistic. No text, no logos, no hands, no people.",
vegan-cream-cheese.jpg,vegan-cream-cheese,Vegan Cream Cheese,Cheese,Plant-based,$$,/images/ingredients/vegan-cream-cheese.jpg,Vegan Cream Cheese styled on a charcuterie board,"Close-up editorial food photograph of vegan cream cheese — white to ivory, matte, holds a swirl. Presented on a pale grey-veined marble slab, with a small bone-handled cheese knife resting alongside. Styled as it would be served on a charcuterie board: spread it in a shallow bowl. Soft diffused natural window light from the upper left, gentle shadows, shallow depth of field, muted warm editorial palette, 3:2 landscape, food-magazine styling, photorealistic. No text, no logos, no hands, no people.",
edam.jpg,edam,Edam,Cheese,Semi-soft,$,/images/ingredients/edam.jpg,Edam styled on a charcuterie board,"Close-up editorial food photograph of edam — pale yellow paste, red or yellow wax coating. Presented on a pale grey-veined marble slab, with a small bone-handled cheese knife resting alongside. Styled as it would be served on a charcuterie board: cut into thin wedges or cubes. Soft diffused natural window light from the upper left, gentle shadows, shallow depth of field, muted warm editorial palette, 3:2 landscape, food-magazine styling, photorealistic. No text, no logos, no hands, no people.",
fontina.jpg,fontina,Fontina,Cheese,Semi-soft,$$,/images/ingredients/fontina.jpg,Fontina styled on a charcuterie board,"Close-up editorial food photograph of fontina — pale straw paste, thin brownish-orange washed rind. Presented on a pale grey-veined marble slab, with a small bone-handled cheese knife resting alongside. Styled as it would be served on a charcuterie board: cut into thick slices or batons. Soft diffused natural window light from the upper left, gentle shadows, shallow depth of field, muted warm editorial palette, 3:2 landscape, food-magazine styling, photorealistic. No text, no logos, no hands, no people.",
havarti.jpg,havarti,Havarti,Cheese,Semi-soft,$,/images/ingredients/havarti.jpg,Havarti styled on a charcuterie board,"Close-up editorial food photograph of havarti — pale cream with many small irregular holes, no rind. Presented on a pale grey-veined marble slab, with a small bone-handled cheese knife resting alongside. Styled as it would be served on a charcuterie board: cut into thin slices or small cubes. Soft diffused natural window light from the upper left, gentle shadows, shallow depth of field, muted warm editorial palette, 3:2 landscape, food-magazine styling, photorealistic. No text, no logos, no hands, no people.",
monterey-jack.jpg,monterey-jack,Monterey Jack,Cheese,Semi-soft,$,/images/ingredients/monterey-jack.jpg,Monterey Jack styled on a charcuterie board,"Close-up editorial food photograph of monterey jack — pale ivory young; deep gold with a dark rubbed rind aged. Presented on a pale grey-veined marble slab, with a small bone-handled cheese knife resting alongside. Styled as it would be served on a charcuterie board: cut into cubes and thin slices. Soft diffused natural window light from the upper left, gentle shadows, shallow depth of field, muted warm editorial palette, 3:2 landscape, food-magazine styling, photorealistic. No text, no logos, no hands, no people.",
morbier.jpg,morbier,Morbier,Cheese,Semi-soft,$$,/images/ingredients/morbier.jpg,Morbier styled on a charcuterie board,"Close-up editorial food photograph of morbier — pale ivory paste split by a distinct black horizontal line, orange. Presented on a pale grey-veined marble slab, with a small bone-handled cheese knife resting alongside. Styled as it would be served on a charcuterie board: cut wedges that show the ash line clearly. Soft diffused natural window light from the upper left, gentle shadows, shallow depth of field, muted warm editorial palette, 3:2 landscape, food-magazine styling, photorealistic. No text, no logos, no hands, no people.",
muenster.jpg,muenster,Muenster,Cheese,Semi-soft,$,/images/ingredients/muenster.jpg,Muenster styled on a charcuterie board,"Close-up editorial food photograph of muenster — both are pale with orange exteriors, which is where the confusion. Presented on a pale grey-veined marble slab, with a small bone-handled cheese knife resting alongside. Styled as it would be served on a charcuterie board: folded slices and small cubes, orange rind visible. Soft diffused natural window light from the upper left, gentle shadows, shallow depth of field, muted warm editorial palette, 3:2 landscape, food-magazine styling, photorealistic. No text, no logos, no hands, no people.",
port-salut.jpg,port-salut,Port Salut,Cheese,Semi-soft,$,/images/ingredients/port-salut.jpg,Port Salut styled on a charcuterie board,"Close-up editorial food photograph of port salut — pale ivory paste, smooth bright orange rind. Presented on a pale grey-veined marble slab, with a small bone-handled cheese knife resting alongside. Styled as it would be served on a charcuterie board: cut into thin wedges or slices. Soft diffused natural window light from the upper left, gentle shadows, shallow depth of field, muted warm editorial palette, 3:2 landscape, food-magazine styling, photorealistic. No text, no logos, no hands, no people.",
raclette.jpg,raclette,Raclette,Cheese,Semi-soft,$$,/images/ingredients/raclette.jpg,Raclette styled on a charcuterie board,"Close-up editorial food photograph of raclette — pale gold paste, tan-orange washed rind. Presented on a pale grey-veined marble slab, with a small bone-handled cheese knife resting alongside. Styled as it would be served on a charcuterie board: thin slices fanned in a row, pale gold with a tan rind. Soft diffused natural window light from the upper left, gentle shadows, shallow depth of field, muted warm editorial palette, 3:2 landscape, food-magazine styling, photorealistic. No text, no logos, no hands, no people.",
taleggio.jpg,taleggio,Taleggio,Cheese,Semi-soft,$$,/images/ingredients/taleggio.jpg,Taleggio styled on a charcuterie board,"Close-up editorial food photograph of taleggio — square block, pale paste, thin pinkish-orange rind. Presented on a pale grey-veined marble slab, with a small bone-handled cheese knife resting alongside. Styled as it would be served on a charcuterie board: cut into rectangular slabs. Soft diffused natural window light from the upper left, gentle shadows, shallow depth of field, muted warm editorial palette, 3:2 landscape, food-magazine styling, photorealistic. No text, no logos, no hands, no people.",
tomme-de-savoie.jpg,tomme-de-savoie,Tomme de Savoie,Cheese,Semi-soft,$$,/images/ingredients/tomme-de-savoie.jpg,Tomme de Savoie styled on a charcuterie board,"Close-up editorial food photograph of tomme de savoie — pale ivory paste, thick grey-brown mottled rind with visible mold. Presented on a pale grey-veined marble slab, with a small bone-handled cheese knife resting alongside. Styled as it would be served on a charcuterie board: cut wedges with a generous piece of the grey rind attached. Soft diffused natural window light from the upper left, gentle shadows, shallow depth of field, muted warm editorial palette, 3:2 landscape, food-magazine styling, photorealistic. No text, no logos, no hands, no people.",
wensleydale-cranberry.jpg,wensleydale-cranberry,Wensleydale with Cranberries,Cheese,Semi-soft,$,/images/ingredients/wensleydale-cranberry.jpg,Wensleydale with Cranberries styled on a charcuterie board,"Close-up editorial food photograph of wensleydale with cranberries — stark white paste studded with deep red dried cranberries. Presented on a pale grey-veined marble slab, with a small bone-handled cheese knife resting alongside. Styled as it would be served on a charcuterie board: break it, don't slice it. Soft diffused natural window light from the upper left, gentle shadows, shallow depth of field, muted warm editorial palette, 3:2 landscape, food-magazine styling, photorealistic. No text, no logos, no hands, no people.",
boursin.jpg,boursin,Boursin,Cheese,Soft & fresh,$$,/images/ingredients/boursin.jpg,Boursin styled on a charcuterie board,"Close-up editorial food photograph of boursin — white flecked with green, formed into a round puck. Presented on a pale grey-veined marble slab, with a small bone-handled cheese knife resting alongside. Styled as it would be served on a charcuterie board: break the top open. Soft diffused natural window light from the upper left, gentle shadows, shallow depth of field, muted warm editorial palette, 3:2 landscape, food-magazine styling, photorealistic. No text, no logos, no hands, no people.",
brie.jpg,brie,Brie,Cheese,Soft & fresh,$$,/images/ingredients/brie.jpg,Brie styled on a charcuterie board,"Close-up editorial food photograph of brie — pale ivory paste under a fuzzy white rind. Presented on a pale grey-veined marble slab, with a small bone-handled cheese knife resting alongside. Styled as it would be served on a charcuterie board: cut wedges from the center out, like a pie. Soft diffused natural window light from the upper left, gentle shadows, shallow depth of field, muted warm editorial palette, 3:2 landscape, food-magazine styling, photorealistic. No text, no logos, no hands, no people.",
burrata.jpg,burrata,Burrata,Cheese,Soft & fresh,$$,/images/ingredients/burrata.jpg,Burrata styled on a charcuterie board,"Close-up editorial food photograph of burrata — a white ball, often tied at the top, that collapses when cut. Presented on a pale grey-veined marble slab, with a small bone-handled cheese knife resting alongside. Styled as it would be served on a charcuterie board: cut it open at the table. Soft diffused natural window light from the upper left, gentle shadows, shallow depth of field, muted warm editorial palette, 3:2 landscape, food-magazine styling, photorealistic. No text, no logos, no hands, no people.",
camembert.jpg,camembert,Camembert,Cheese,Soft & fresh,$$,/images/ingredients/camembert.jpg,Camembert styled on a charcuterie board,"Close-up editorial food photograph of camembert — small ivory round, white rind flecked with rust and grey. Presented on a pale grey-veined marble slab, with a small bone-handled cheese knife resting alongside. Styled as it would be served on a charcuterie board: cut wedges from the center out. Soft diffused natural window light from the upper left, gentle shadows, shallow depth of field, muted warm editorial palette, 3:2 landscape, food-magazine styling, photorealistic. No text, no logos, no hands, no people.",
cream-cheese.jpg,cream-cheese,Cream Cheese,Cheese,Soft & fresh,$,/images/ingredients/cream-cheese.jpg,Cream Cheese styled on a charcuterie board,"Close-up editorial food photograph of cream cheese — white, matte, holds its shape. Presented on a pale grey-veined marble slab, with a small bone-handled cheese knife resting alongside. Styled as it would be served on a charcuterie board: spread it in a shallow bowl. Soft diffused natural window light from the upper left, gentle shadows, shallow depth of field, muted warm editorial palette, 3:2 landscape, food-magazine styling, photorealistic. No text, no logos, no hands, no people.",
feta.jpg,feta,Feta,Cheese,Soft & fresh,$,/images/ingredients/feta.jpg,Feta styled on a charcuterie board,"Close-up editorial food photograph of feta — stark white blocks or slabs, no rind. Presented on a pale grey-veined marble slab, with a small bone-handled cheese knife resting alongside. Styled as it would be served on a charcuterie board: serve it as a slab. Soft diffused natural window light from the upper left, gentle shadows, shallow depth of field, muted warm editorial palette, 3:2 landscape, food-magazine styling, photorealistic. No text, no logos, no hands, no people.",
fresh-chevre.jpg,fresh-chevre,Fresh Chèvre,Cheese,Soft & fresh,$,/images/ingredients/fresh-chevre.jpg,Fresh Chèvre styled on a charcuterie board,"Close-up editorial food photograph of fresh chèvre — stark white log or puck, sometimes rolled in herbs or ash. Presented on a pale grey-veined marble slab, with a small bone-handled cheese knife resting alongside. Styled as it would be served on a charcuterie board: slice the log with dental floss or a thin wire. Soft diffused natural window light from the upper left, gentle shadows, shallow depth of field, muted warm editorial palette, 3:2 landscape, food-magazine styling, photorealistic. No text, no logos, no hands, no people.",
fresh-mozzarella.jpg,fresh-mozzarella,Fresh Mozzarella,Cheese,Soft & fresh,$,/images/ingredients/fresh-mozzarella.jpg,Fresh Mozzarella styled on a charcuterie board,"Close-up editorial food photograph of fresh mozzarella — bright white spheres in cloudy liquid. Presented on a pale grey-veined marble slab, with a small bone-handled cheese knife resting alongside. Styled as it would be served on a charcuterie board: tear it, don't slice it. Soft diffused natural window light from the upper left, gentle shadows, shallow depth of field, muted warm editorial palette, 3:2 landscape, food-magazine styling, photorealistic. No text, no logos, no hands, no people.",
halloumi.jpg,halloumi,Halloumi,Cheese,Soft & fresh,$$,/images/ingredients/halloumi.jpg,Halloumi styled on a charcuterie board,"Close-up editorial food photograph of halloumi — white folded slabs, browning to deep gold when cooked. Presented on a pale grey-veined marble slab, with a small bone-handled cheese knife resting alongside. Styled as it would be served on a charcuterie board: slice about ⅓ inch thick. Soft diffused natural window light from the upper left, gentle shadows, shallow depth of field, muted warm editorial palette, 3:2 landscape, food-magazine styling, photorealistic. No text, no logos, no hands, no people.",
mascarpone.jpg,mascarpone,Mascarpone,Cheese,Soft & fresh,$$,/images/ingredients/mascarpone.jpg,Mascarpone styled on a charcuterie board,"Close-up editorial food photograph of mascarpone — pale ivory, thick, glossy. Presented on a pale grey-veined marble slab, with a small bone-handled cheese knife resting alongside. Styled as it would be served on a charcuterie board: spread it in a shallow bowl. Soft diffused natural window light from the upper left, gentle shadows, shallow depth of field, muted warm editorial palette, 3:2 landscape, food-magazine styling, photorealistic. No text, no logos, no hands, no people.",
queso-fresco.jpg,queso-fresco,Queso Fresco,Cheese,Soft & fresh,$,/images/ingredients/queso-fresco.jpg,Queso Fresco styled on a charcuterie board,"Close-up editorial food photograph of queso fresco — white rounds or blocks, no rind, often wrapped. Presented on a pale grey-veined marble slab, with a small bone-handled cheese knife resting alongside. Styled as it would be served on a charcuterie board: crumbled into a loose white pile. Soft diffused natural window light from the upper left, gentle shadows, shallow depth of field, muted warm editorial palette, 3:2 landscape, food-magazine styling, photorealistic. No text, no logos, no hands, no people.",
ricotta.jpg,ricotta,Ricotta,Cheese,Soft & fresh,$,/images/ingredients/ricotta.jpg,Ricotta styled on a charcuterie board,"Close-up editorial food photograph of ricotta — white, slightly lumpy, moist. Presented on a pale grey-veined marble slab, with a small bone-handled cheese knife resting alongside. Styled as it would be served on a charcuterie board: spread it in a shallow bowl. Soft diffused natural window light from the upper left, gentle shadows, shallow depth of field, muted warm editorial palette, 3:2 landscape, food-magazine styling, photorealistic. No text, no logos, no hands, no people.",
stracciatella.jpg,stracciatella,Stracciatella,Cheese,Soft & fresh,$$,/images/ingredients/stracciatella.jpg,Stracciatella styled on a charcuterie board,"Close-up editorial food photograph of stracciatella — white, glossy, visibly shredded. Presented on a pale grey-veined marble slab, with a small bone-handled cheese knife resting alongside. Styled as it would be served on a charcuterie board: spooned into a shallow bowl, torn white curds in cream. Soft diffused natural window light from the upper left, gentle shadows, shallow depth of field, muted warm editorial palette, 3:2 landscape, food-magazine styling, photorealistic. No text, no logos, no hands, no people.",
triple-creme.jpg,triple-creme,Triple-Crème,Cheese,Soft & fresh,$$$,/images/ingredients/triple-creme.jpg,Triple-Crème styled on a charcuterie board,"Close-up editorial food photograph of triple-crème — bright white paste, thick and even, under a white rind. Presented on a pale grey-veined marble slab, with a small bone-handled cheese knife resting alongside. Styled as it would be served on a charcuterie board: cut wedges from the center out. Soft diffused natural window light from the upper left, gentle shadows, shallow depth of field, muted warm editorial palette, 3:2 landscape, food-magazine styling, photorealistic. No text, no logos, no hands, no people.",
truffle-cheese.jpg,truffle-cheese,Truffle Cheese,Cheese,Specialty,$$$,/images/ingredients/truffle-cheese.jpg,Truffle Cheese styled on a charcuterie board,"Close-up editorial food photograph of truffle cheese — pale paste flecked with visible black specks. Presented on a pale grey-veined marble slab, with a small bone-handled cheese knife resting alongside. Styled as it would be served on a charcuterie board: cut into thin slices or small wedges. Soft diffused natural window light from the upper left, gentle shadows, shallow depth of field, muted warm editorial palette, 3:2 landscape, food-magazine styling, photorealistic. No text, no logos, no hands, no people.",
langres.jpg,langres,Langres,Cheese,Washed-rind,$$$,/images/ingredients/langres.jpg,Langres styled on a charcuterie board,"Close-up editorial food photograph of langres — small orange cylinder with a distinct hollow in the top. Presented on a pale grey-veined marble slab, with a small bone-handled cheese knife resting alongside. Styled as it would be served on a charcuterie board: a small cylinder with a sunken orange-washed top. Soft diffused natural window light from the upper left, gentle shadows, shallow depth of field, muted warm editorial palette, 3:2 landscape, food-magazine styling, photorealistic. No text, no logos, no hands, no people.",
limburger.jpg,limburger,Limburger,Cheese,Washed-rind,$,/images/ingredients/limburger.jpg,Limburger styled on a charcuterie board,"Close-up editorial food photograph of limburger — pale ivory paste, sticky reddish-brown rind, sold in foil bricks. Presented on a pale grey-veined marble slab, with a small bone-handled cheese knife resting alongside. Styled as it would be served on a charcuterie board: cut thin slices. Soft diffused natural window light from the upper left, gentle shadows, shallow depth of field, muted warm editorial palette, 3:2 landscape, food-magazine styling, photorealistic. No text, no logos, no hands, no people.",
pont-leveque.jpg,pont-leveque,Pont-l'Évêque,Cheese,Washed-rind,$$$,/images/ingredients/pont-leveque.jpg,Pont-l'Évêque styled on a charcuterie board,"Close-up editorial food photograph of pont-l'évêque — small square, straw-gold washed rind with fine ridges from the mold. Presented on a pale grey-veined marble slab, with a small bone-handled cheese knife resting alongside. Styled as it would be served on a charcuterie board: cut it into squares or rectangles. Soft diffused natural window light from the upper left, gentle shadows, shallow depth of field, muted warm editorial palette, 3:2 landscape, food-magazine styling, photorealistic. No text, no logos, no hands, no people.",
reblochon.jpg,reblochon,Reblochon,Cheese,Washed-rind,$$$,/images/ingredients/reblochon.jpg,Reblochon styled on a charcuterie board,"Close-up editorial food photograph of reblochon — flat disc, pale ivory paste, thin washed orange-pink rind with a. Presented on a pale grey-veined marble slab, with a small bone-handled cheese knife resting alongside. Styled as it would be served on a charcuterie board: cut wedges from the center out. Soft diffused natural window light from the upper left, gentle shadows, shallow depth of field, muted warm editorial palette, 3:2 landscape, food-magazine styling, photorealistic. No text, no logos, no hands, no people.",
red-hawk.jpg,red-hawk,Red Hawk,Cheese,Washed-rind,$$$,/images/ingredients/red-hawk.jpg,Red Hawk styled on a charcuterie board,"Close-up editorial food photograph of red hawk — small round, sticky orange-pink rind, pale dense paste. Presented on a pale grey-veined marble slab, with a small bone-handled cheese knife resting alongside. Styled as it would be served on a charcuterie board: cut wedges from the center out. Soft diffused natural window light from the upper left, gentle shadows, shallow depth of field, muted warm editorial palette, 3:2 landscape, food-magazine styling, photorealistic. No text, no logos, no hands, no people.",
epoisses.jpg,epoisses,Époisses,Cheese,Washed-rind,$$$,/images/ingredients/epoisses.jpg,Époisses styled on a charcuterie board,"Close-up editorial food photograph of époisses — small round in a wooden box, sticky orange-red rind, pale runny paste. Presented on a pale grey-veined marble slab, with a small bone-handled cheese knife resting alongside. Styled as it would be served on a charcuterie board: in its wooden box, the orange rind glistening, cut open and slumping. Soft diffused natural window light from the upper left, gentle shadows, shallow depth of field, muted warm editorial palette, 3:2 landscape, food-magazine styling, photorealistic. No text, no logos, no hands, no people.",
bresaola.jpg,bresaola,Bresaola,Cured Meat & Seafood,Air-dried whole muscle,$$$,/images/ingredients/bresaola.jpg,Bresaola styled on a charcuterie board,"Close-up editorial food photograph of bresaola — dark burgundy-purple, nearly uniform, a thin pale rim. Presented on a dark walnut serving board, with a folded natural linen cloth at the edge of frame. Styled as it would be served on a charcuterie board: slice paper-thin and serve within fifteen minutes. Soft diffused natural window light from the upper left, gentle shadows, shallow depth of field, muted warm editorial palette, 3:2 landscape, food-magazine styling, photorealistic. No text, no logos, no hands, no people.",
bundnerfleisch.jpg,bundnerfleisch,Bündnerfleisch,Cured Meat & Seafood,Air-dried whole muscle,$$$,/images/ingredients/bundnerfleisch.jpg,Bündnerfleisch styled on a charcuterie board,"Close-up editorial food photograph of bündnerfleisch — dark red-brown rectangular block, marbled with fine white sinew lines. Presented on a dark walnut serving board, with a folded natural linen cloth at the edge of frame. Styled as it would be served on a charcuterie board: sliced as thinly as possible into near-translucent dark red sheets. Soft diffused natural window light from the upper left, gentle shadows, shallow depth of field, muted warm editorial palette, 3:2 landscape, food-magazine styling, photorealistic. No text, no logos, no hands, no people.",
duck-prosciutto.jpg,duck-prosciutto,Duck Prosciutto,Cured Meat & Seafood,Air-dried whole muscle,$$$,/images/ingredients/duck-prosciutto.jpg,Duck Prosciutto styled on a charcuterie board,"Close-up editorial food photograph of duck prosciutto — deep mahogany-red muscle under a thick pale fat cap. Presented on a dark walnut serving board, with a folded natural linen cloth at the edge of frame. Styled as it would be served on a charcuterie board: slice very thin, across the grain. Soft diffused natural window light from the upper left, gentle shadows, shallow depth of field, muted warm editorial palette, 3:2 landscape, food-magazine styling, photorealistic. No text, no logos, no hands, no people.",
andouille.jpg,andouille,Andouille,Cured Meat & Seafood,Cooked sausage & deli,$,/images/ingredients/andouille.jpg,Andouille styled on a charcuterie board,"Close-up editorial food photograph of andouille — thick coins of deep red-brown coarse-textured smoked sausage, cut on the bias. Presented on a dark walnut serving board, with a folded natural linen cloth at the edge of frame. Styled as it would be served on a charcuterie board: thick coins sliced on the bias, seared and glossy. Soft diffused natural window light from the upper left, gentle shadows, shallow depth of field, muted warm editorial palette, 3:2 landscape, food-magazine styling, photorealistic. No text, no logos, no hands, no people.",
kielbasa.jpg,kielbasa,Kielbasa,Cured Meat & Seafood,Cooked sausage & deli,$,/images/ingredients/kielbasa.jpg,Kielbasa styled on a charcuterie board,"Close-up editorial food photograph of kielbasa — deep red-brown, smooth or coarse depending on style. Presented on a dark walnut serving board, with a folded natural linen cloth at the edge of frame. Styled as it would be served on a charcuterie board: slice krakowska thin on the diagonal. Soft diffused natural window light from the upper left, gentle shadows, shallow depth of field, muted warm editorial palette, 3:2 landscape, food-magazine styling, photorealistic. No text, no logos, no hands, no people.",
morcilla.jpg,morcilla,Morcilla,Cured Meat & Seafood,Cooked sausage & deli,$,/images/ingredients/morcilla.jpg,Morcilla styled on a charcuterie board,"Close-up editorial food photograph of morcilla — near-black, sometimes with visible rice grains. Presented on a dark walnut serving board, with a folded natural linen cloth at the edge of frame. Styled as it would be served on a charcuterie board: thick dark coins, seared and crisp at the edges. Soft diffused natural window light from the upper left, gentle shadows, shallow depth of field, muted warm editorial palette, 3:2 landscape, food-magazine styling, photorealistic. No text, no logos, no hands, no people.",
mortadella.jpg,mortadella,Mortadella,Cured Meat & Seafood,Cooked sausage & deli,$$,/images/ingredients/mortadella.jpg,Mortadella styled on a charcuterie board,"Close-up editorial food photograph of mortadella — pale pink, pearly, dotted with white fat squares and green pistachios. Presented on a dark walnut serving board, with a folded natural linen cloth at the edge of frame. Styled as it would be served on a charcuterie board: fold thick slices into loose quarters. Soft diffused natural window light from the upper left, gentle shadows, shallow depth of field, muted warm editorial palette, 3:2 landscape, food-magazine styling, photorealistic. No text, no logos, no hands, no people.",
pastrami.jpg,pastrami,Pastrami,Cured Meat & Seafood,Cooked sausage & deli,$$,/images/ingredients/pastrami.jpg,Pastrami styled on a charcuterie board,"Close-up editorial food photograph of pastrami — deep red-pink meat with a black pepper crust and a smoke ring. Presented on a dark walnut serving board, with a folded natural linen cloth at the edge of frame. Styled as it would be served on a charcuterie board: slice thick — about ¼ inch — against the grain. Soft diffused natural window light from the upper left, gentle shadows, shallow depth of field, muted warm editorial palette, 3:2 landscape, food-magazine styling, photorealistic. No text, no logos, no hands, no people.",
guanciale.jpg,guanciale,Guanciale,Cured Meat & Seafood,Cured fat,$$$,/images/ingredients/guanciale.jpg,Guanciale styled on a charcuterie board,"Close-up editorial food photograph of guanciale — a mostly-white triangular slab with a thin pink muscle line, edged in. Presented on a dark walnut serving board, with a folded natural linen cloth at the edge of frame. Styled as it would be served on a charcuterie board: slice it very thin. Soft diffused natural window light from the upper left, gentle shadows, shallow depth of field, muted warm editorial palette, 3:2 landscape, food-magazine styling, photorealistic. No text, no logos, no hands, no people.",
lardo.jpg,lardo,Lardo,Cured Meat & Seafood,Cured fat,$$$,/images/ingredients/lardo.jpg,Lardo styled on a charcuterie board,"Close-up editorial food photograph of lardo — near-white translucent slices with a faint pink blush and herb flecks. Presented on a dark walnut serving board, with a folded natural linen cloth at the edge of frame. Styled as it would be served on a charcuterie board: slice it translucent. Soft diffused natural window light from the upper left, gentle shadows, shallow depth of field, muted warm editorial palette, 3:2 landscape, food-magazine styling, photorealistic. No text, no logos, no hands, no people.",
pancetta.jpg,pancetta,Pancetta,Cured Meat & Seafood,Cured fat,$$,/images/ingredients/pancetta.jpg,Pancetta styled on a charcuterie board,"Close-up editorial food photograph of pancetta — rolled spiral of pink meat and white fat, or a flat streaky slab. Presented on a dark walnut serving board, with a folded natural linen cloth at the edge of frame. Styled as it would be served on a charcuterie board: slice thin. Soft diffused natural window light from the upper left, gentle shadows, shallow depth of field, muted warm editorial palette, 3:2 landscape, food-magazine styling, photorealistic. No text, no logos, no hands, no people.",
black-forest-ham.jpg,black-forest-ham,Black Forest Ham,Cured Meat & Seafood,Dry-cured ham,$$,/images/ingredients/black-forest-ham.jpg,Black Forest Ham styled on a charcuterie board,"Close-up editorial food photograph of black forest ham — deep red muscle, white fat, a distinctly dark to black rind. Presented on a dark walnut serving board, with a folded natural linen cloth at the edge of frame. Styled as it would be served on a charcuterie board: slice thin. Soft diffused natural window light from the upper left, gentle shadows, shallow depth of field, muted warm editorial palette, 3:2 landscape, food-magazine styling, photorealistic. No text, no logos, no hands, no people.",
coppa.jpg,coppa,Coppa,Cured Meat & Seafood,Dry-cured ham,$$,/images/ingredients/coppa.jpg,Coppa styled on a charcuterie board,"Close-up editorial food photograph of coppa — deep red rounds with a lacework of white fat and a rim of it outside. Presented on a dark walnut serving board, with a folded natural linen cloth at the edge of frame. Styled as it would be served on a charcuterie board: slice thin, and keep the rounds whole. Soft diffused natural window light from the upper left, gentle shadows, shallow depth of field, muted warm editorial palette, 3:2 landscape, food-magazine styling, photorealistic. No text, no logos, no hands, no people.",
country-ham.jpg,country-ham,Country Ham,Cured Meat & Seafood,Dry-cured ham,$$,/images/ingredients/country-ham.jpg,Country Ham styled on a charcuterie board,"Close-up editorial food photograph of country ham — dark mahogany-red, sometimes with a white surface bloom. Presented on a dark walnut serving board, with a folded natural linen cloth at the edge of frame. Styled as it would be served on a charcuterie board: slice paper-thin. Soft diffused natural window light from the upper left, gentle shadows, shallow depth of field, muted warm editorial palette, 3:2 landscape, food-magazine styling, photorealistic. No text, no logos, no hands, no people.",
culatello.jpg,culatello,Culatello,Cured Meat & Seafood,Dry-cured ham,$$$,/images/ingredients/culatello.jpg,Culatello styled on a charcuterie board,"Close-up editorial food photograph of culatello — deep rose-red, marbled with fine fat, irregular pear-shaped slices. Presented on a dark walnut serving board, with a folded natural linen cloth at the edge of frame. Styled as it would be served on a charcuterie board: slice it thin, to order, and serve it immediately. Soft diffused natural window light from the upper left, gentle shadows, shallow depth of field, muted warm editorial palette, 3:2 landscape, food-magazine styling, photorealistic. No text, no logos, no hands, no people.",
jambon-de-bayonne.jpg,jambon-de-bayonne,Jambon de Bayonne,Cured Meat & Seafood,Dry-cured ham,$$,/images/ingredients/jambon-de-bayonne.jpg,Jambon de Bayonne styled on a charcuterie board,"Close-up editorial food photograph of jambon de bayonne — deep rose-pink, wide white fat cap, sometimes a red pepper-dusted rind. Presented on a dark walnut serving board, with a folded natural linen cloth at the edge of frame. Styled as it would be served on a charcuterie board: slice thin and drape in loose folds. Soft diffused natural window light from the upper left, gentle shadows, shallow depth of field, muted warm editorial palette, 3:2 landscape, food-magazine styling, photorealistic. No text, no logos, no hands, no people.",
jamon-iberico.jpg,jamon-iberico,Jamón Ibérico,Cured Meat & Seafood,Dry-cured ham,$$$,/images/ingredients/jamon-iberico.jpg,Jamón Ibérico styled on a charcuterie board,"Close-up editorial food photograph of jamón ibérico — dark red, heavily marbled with glossy yellowish fat. Presented on a dark walnut serving board, with a folded natural linen cloth at the edge of frame. Styled as it would be served on a charcuterie board: slice thin and slightly irregular. Soft diffused natural window light from the upper left, gentle shadows, shallow depth of field, muted warm editorial palette, 3:2 landscape, food-magazine styling, photorealistic. No text, no logos, no hands, no people.",
jamon-serrano.jpg,jamon-serrano,Jamón Serrano,Cured Meat & Seafood,Dry-cured ham,$$,/images/ingredients/jamon-serrano.jpg,Jamón Serrano styled on a charcuterie board,"Close-up editorial food photograph of jamón serrano — deep red muscle, firm white fat, drier surface. Presented on a dark walnut serving board, with a folded natural linen cloth at the edge of frame. Styled as it would be served on a charcuterie board: slice thin. Soft diffused natural window light from the upper left, gentle shadows, shallow depth of field, muted warm editorial palette, 3:2 landscape, food-magazine styling, photorealistic. No text, no logos, no hands, no people.",
lomo.jpg,lomo,Lomo,Cured Meat & Seafood,Dry-cured ham,$$,/images/ingredients/lomo.jpg,Lomo styled on a charcuterie board,"Close-up editorial food photograph of lomo — deep red-brown rounds with a paprika-stained edge. Presented on a dark walnut serving board, with a folded natural linen cloth at the edge of frame. Styled as it would be served on a charcuterie board: slice thin. Soft diffused natural window light from the upper left, gentle shadows, shallow depth of field, muted warm editorial palette, 3:2 landscape, food-magazine styling, photorealistic. No text, no logos, no hands, no people.",
prosciutto-di-parma.jpg,prosciutto-di-parma,Prosciutto di Parma,Cured Meat & Seafood,Dry-cured ham,$$$,/images/ingredients/prosciutto-di-parma.jpg,Prosciutto di Parma styled on a charcuterie board,"Close-up editorial food photograph of prosciutto di parma — deep rose-pink muscle with a clean white fat cap. Presented on a dark walnut serving board, with a folded natural linen cloth at the edge of frame. Styled as it would be served on a charcuterie board: drape, don't stack. Soft diffused natural window light from the upper left, gentle shadows, shallow depth of field, muted warm editorial palette, 3:2 landscape, food-magazine styling, photorealistic. No text, no logos, no hands, no people.",
prosciutto-san-daniele.jpg,prosciutto-san-daniele,Prosciutto di San Daniele,Cured Meat & Seafood,Dry-cured ham,$$$,/images/ingredients/prosciutto-san-daniele.jpg,Prosciutto di San Daniele styled on a charcuterie board,"Close-up editorial food photograph of prosciutto di san daniele — darker rose-red, flatter profile, trotter attached on the whole leg. Presented on a dark walnut serving board, with a folded natural linen cloth at the edge of frame. Styled as it would be served on a charcuterie board: slice paper-thin, to order if possible. Soft diffused natural window light from the upper left, gentle shadows, shallow depth of field, muted warm editorial palette, 3:2 landscape, food-magazine styling, photorealistic. No text, no logos, no hands, no people.",
speck.jpg,speck,Speck,Cured Meat & Seafood,Dry-cured ham,$$,/images/ingredients/speck.jpg,Speck styled on a charcuterie board,"Close-up editorial food photograph of speck — deep red muscle, thick white fat edge, dark smoked exterior. Presented on a dark walnut serving board, with a folded natural linen cloth at the edge of frame. Styled as it would be served on a charcuterie board: slice it thin but not paper-thin. Soft diffused natural window light from the upper left, gentle shadows, shallow depth of field, muted warm editorial palette, 3:2 landscape, food-magazine styling, photorealistic. No text, no logos, no hands, no people.",
chorizo.jpg,chorizo,Chorizo,Cured Meat & Seafood,Salami,$,/images/ingredients/chorizo.jpg,Chorizo styled on a charcuterie board,"Close-up editorial food photograph of chorizo — brick red to deep orange, coarse fat flecks, often tied in a horseshoe. Presented on a dark walnut serving board, with a folded natural linen cloth at the edge of frame. Styled as it would be served on a charcuterie board: slice thin, on a slight diagonal. Soft diffused natural window light from the upper left, gentle shadows, shallow depth of field, muted warm editorial palette, 3:2 landscape, food-magazine styling, photorealistic. No text, no logos, no hands, no people.",
finocchiona.jpg,finocchiona,Finocchiona,Cured Meat & Seafood,Salami,$$,/images/ingredients/finocchiona.jpg,Finocchiona styled on a charcuterie board,"Close-up editorial food photograph of finocchiona — dull rose-red with visible fennel seeds and irregular fat. Presented on a dark walnut serving board, with a folded natural linen cloth at the edge of frame. Styled as it would be served on a charcuterie board: slice thin and handle gently. Soft diffused natural window light from the upper left, gentle shadows, shallow depth of field, muted warm editorial palette, 3:2 landscape, food-magazine styling, photorealistic. No text, no logos, no hands, no people.",
fuet.jpg,fuet,Fuet,Cured Meat & Seafood,Salami,$,/images/ingredients/fuet.jpg,Fuet styled on a charcuterie board,"Close-up editorial food photograph of fuet — pale pink-beige stick, chalky white mould coating. Presented on a dark walnut serving board, with a folded natural linen cloth at the edge of frame. Styled as it would be served on a charcuterie board: snapped into short irregular lengths, white bloom on the casing. Soft diffused natural window light from the upper left, gentle shadows, shallow depth of field, muted warm editorial palette, 3:2 landscape, food-magazine styling, photorealistic. No text, no logos, no hands, no people.",
genoa-salami.jpg,genoa-salami,Genoa Salami,Cured Meat & Seafood,Salami,$,/images/ingredients/genoa-salami.jpg,Genoa Salami styled on a charcuterie board,"Close-up editorial food photograph of genoa salami — pale rose-red rounds with fine even white fat flecks. Presented on a dark walnut serving board, with a folded natural linen cloth at the edge of frame. Styled as it would be served on a charcuterie board: slice thin. Soft diffused natural window light from the upper left, gentle shadows, shallow depth of field, muted warm editorial palette, 3:2 landscape, food-magazine styling, photorealistic. No text, no logos, no hands, no people.",
landjager.jpg,landjager,Landjäger,Cured Meat & Seafood,Salami,$,/images/ingredients/landjager.jpg,Landjäger styled on a charcuterie board,"Close-up editorial food photograph of landjäger — flat dark brown-black rectangles, usually sold in linked pairs. Presented on a dark walnut serving board, with a folded natural linen cloth at the edge of frame. Styled as it would be served on a charcuterie board: serve them whole or snapped in half. Soft diffused natural window light from the upper left, gentle shadows, shallow depth of field, muted warm editorial palette, 3:2 landscape, food-magazine styling, photorealistic. No text, no logos, no hands, no people.",
pepperoni.jpg,pepperoni,Pepperoni,Cured Meat & Seafood,Salami,$,/images/ingredients/pepperoni.jpg,Pepperoni styled on a charcuterie board,"Close-up editorial food photograph of pepperoni — deep red-orange, fine white fat flecks, glossy. Presented on a dark walnut serving board, with a folded natural linen cloth at the edge of frame. Styled as it would be served on a charcuterie board: slice thin on the diagonal. Soft diffused natural window light from the upper left, gentle shadows, shallow depth of field, muted warm editorial palette, 3:2 landscape, food-magazine styling, photorealistic. No text, no logos, no hands, no people.",
rosette-de-lyon.jpg,rosette-de-lyon,Rosette de Lyon,Cured Meat & Seafood,Salami,$$,/images/ingredients/rosette-de-lyon.jpg,Rosette de Lyon styled on a charcuterie board,"Close-up editorial food photograph of rosette de lyon — very large rounds, deep red with big white fat pieces, tied with. Presented on a dark walnut serving board, with a folded natural linen cloth at the edge of frame. Styled as it would be served on a charcuterie board: lay slices flat, slightly overlapping, as a single row. Soft diffused natural window light from the upper left, gentle shadows, shallow depth of field, muted warm editorial palette, 3:2 landscape, food-magazine styling, photorealistic. No text, no logos, no hands, no people.",
salchichon.jpg,salchichon,Salchichón,Cured Meat & Seafood,Salami,$,/images/ingredients/salchichon.jpg,Salchichón styled on a charcuterie board,"Close-up editorial food photograph of salchichón — pale pinkish-red with visible black peppercorns and irregular fat. Presented on a dark walnut serving board, with a folded natural linen cloth at the edge of frame. Styled as it would be served on a charcuterie board: slice thin and on the diagonal. Soft diffused natural window light from the upper left, gentle shadows, shallow depth of field, muted warm editorial palette, 3:2 landscape, food-magazine styling, photorealistic. No text, no logos, no hands, no people.",
saucisson-sec.jpg,saucisson-sec,Saucisson Sec,Cured Meat & Seafood,Salami,$$,/images/ingredients/saucisson-sec.jpg,Saucisson Sec styled on a charcuterie board,"Close-up editorial food photograph of saucisson sec — dark red interior with large white fat pieces, chalky white exterior. Presented on a dark walnut serving board, with a folded natural linen cloth at the edge of frame. Styled as it would be served on a charcuterie board: slice on a steep diagonal. Soft diffused natural window light from the upper left, gentle shadows, shallow depth of field, muted warm editorial palette, 3:2 landscape, food-magazine styling, photorealistic. No text, no logos, no hands, no people.",
soppressata.jpg,soppressata,Soppressata,Cured Meat & Seafood,Salami,$$,/images/ingredients/soppressata.jpg,Soppressata styled on a charcuterie board,"Close-up editorial food photograph of soppressata — flattened oval slices, deep red with large irregular white fat pieces. Presented on a dark walnut serving board, with a folded natural linen cloth at the edge of frame. Styled as it would be served on a charcuterie board: slice it thin — about ⅛ inch. Soft diffused natural window light from the upper left, gentle shadows, shallow depth of field, muted warm editorial palette, 3:2 landscape, food-magazine styling, photorealistic. No text, no logos, no hands, no people.",
summer-sausage.jpg,summer-sausage,Summer Sausage,Cured Meat & Seafood,Salami,$,/images/ingredients/summer-sausage.jpg,Summer Sausage styled on a charcuterie board,"Close-up editorial food photograph of summer sausage — deep red-brown, fine grain, often with visible mustard seeds. Presented on a dark walnut serving board, with a folded natural linen cloth at the edge of frame. Styled as it would be served on a charcuterie board: slice thin, on the diagonal. Soft diffused natural window light from the upper left, gentle shadows, shallow depth of field, muted warm editorial palette, 3:2 landscape, food-magazine styling, photorealistic. No text, no logos, no hands, no people.",
anchovies.jpg,anchovies,Anchovies,Cured Meat & Seafood,Smoked & tinned fish,$$$,/images/ingredients/anchovies.jpg,Anchovies styled on a charcuterie board,"Close-up editorial food photograph of anchovies — brown fillets glossy with oil; or white fillets in oil and parsley. Presented on a dark walnut serving board, with a folded natural linen cloth at the edge of frame. Styled as it would be served on a charcuterie board: serve them in a small dish with their oil. Soft diffused natural window light from the upper left, gentle shadows, shallow depth of field, muted warm editorial palette, 3:2 landscape, food-magazine styling, photorealistic. No text, no logos, no hands, no people.",
bottarga.jpg,bottarga,Bottarga,Cured Meat & Seafood,Smoked & tinned fish,$$$,/images/ingredients/bottarga.jpg,Bottarga styled on a charcuterie board,"Close-up editorial food photograph of bottarga — amber to deep orange-brown block, sometimes wax-coated. Presented on a dark walnut serving board, with a folded natural linen cloth at the edge of frame. Styled as it would be served on a charcuterie board: shave it, don't slice it. Soft diffused natural window light from the upper left, gentle shadows, shallow depth of field, muted warm editorial palette, 3:2 landscape, food-magazine styling, photorealistic. No text, no logos, no hands, no people.",
gravlax.jpg,gravlax,Gravlax,Cured Meat & Seafood,Smoked & tinned fish,$$,/images/ingredients/gravlax.jpg,Gravlax styled on a charcuterie board,"Close-up editorial food photograph of gravlax — bright coral-orange, often with a green dill crust on one edge. Presented on a dark walnut serving board, with a folded natural linen cloth at the edge of frame. Styled as it would be served on a charcuterie board: slice thin on a shallow angle. Soft diffused natural window light from the upper left, gentle shadows, shallow depth of field, muted warm editorial palette, 3:2 landscape, food-magazine styling, photorealistic. No text, no logos, no hands, no people.",
sardines.jpg,sardines,Sardines,Cured Meat & Seafood,Smoked & tinned fish,$$,/images/ingredients/sardines.jpg,Sardines styled on a charcuterie board,"Close-up editorial food photograph of sardines — silver-blue skin, pale flesh, glossy with oil. Presented on a dark walnut serving board, with a folded natural linen cloth at the edge of frame. Styled as it would be served on a charcuterie board: serve them in the open tin. Soft diffused natural window light from the upper left, gentle shadows, shallow depth of field, muted warm editorial palette, 3:2 landscape, food-magazine styling, photorealistic. No text, no logos, no hands, no people.",
smoked-salmon.jpg,smoked-salmon,Smoked Salmon,Cured Meat & Seafood,Smoked & tinned fish,$$$,/images/ingredients/smoked-salmon.jpg,Smoked Salmon styled on a charcuterie board,"Close-up editorial food photograph of smoked salmon — deep orange-pink, glossy; hot-smoked is paler and matte. Presented on a dark walnut serving board, with a folded natural linen cloth at the edge of frame. Styled as it would be served on a charcuterie board: draped in loose ribbons, deep coral, faintly glossy. Soft diffused natural window light from the upper left, gentle shadows, shallow depth of field, muted warm editorial palette, 3:2 landscape, food-magazine styling, photorealistic. No text, no logos, no hands, no people.",
smoked-trout.jpg,smoked-trout,Smoked Trout,Cured Meat & Seafood,Smoked & tinned fish,$$,/images/ingredients/smoked-trout.jpg,Smoked Trout styled on a charcuterie board,"Close-up editorial food photograph of smoked trout — pale pink-bronze fillet with golden smoked skin. Presented on a dark walnut serving board, with a folded natural linen cloth at the edge of frame. Styled as it would be served on a charcuterie board: pile the flakes rather than arranging them. Soft diffused natural window light from the upper left, gentle shadows, shallow depth of field, muted warm editorial palette, 3:2 landscape, food-magazine styling, photorealistic. No text, no logos, no hands, no people.",
nduja.jpg,nduja,'Nduja,Cured Meat & Seafood,Spreadable,$$,/images/ingredients/nduja.jpg,'Nduja styled on a charcuterie board,"Close-up editorial food photograph of 'nduja — vivid scarlet-orange paste, glossy with rendered fat. Presented on a dark walnut serving board, with a folded natural linen cloth at the edge of frame. Styled as it would be served on a charcuterie board: serve it in a small bowl with its own knife. Soft diffused natural window light from the upper left, gentle shadows, shallow depth of field, muted warm editorial palette, 3:2 landscape, food-magazine styling, photorealistic. No text, no logos, no hands, no people.",
liverwurst.jpg,liverwurst,Liverwurst,Cured Meat & Seafood,Spreadable,$,/images/ingredients/liverwurst.jpg,Liverwurst styled on a charcuterie board,"Close-up editorial food photograph of liverwurst — pale grey-pink, smooth, often in a chub or ring. Presented on a dark walnut serving board, with a folded natural linen cloth at the edge of frame. Styled as it would be served on a charcuterie board: scatter chives or cracked pepper over the top. Soft diffused natural window light from the upper left, gentle shadows, shallow depth of field, muted warm editorial palette, 3:2 landscape, food-magazine styling, photorealistic. No text, no logos, no hands, no people.",
pate-de-campagne.jpg,pate-de-campagne,Pâté de Campagne,Cured Meat & Seafood,Spreadable,$$,/images/ingredients/pate-de-campagne.jpg,Pâté de Campagne styled on a charcuterie board,"Close-up editorial food photograph of pâté de campagne — grey-pink flecked loaf, often with a darker bacon edge or a bay leaf. Presented on a dark walnut serving board, with a folded natural linen cloth at the edge of frame. Styled as it would be served on a charcuterie board: slice about ⅓ inch thick. Soft diffused natural window light from the upper left, gentle shadows, shallow depth of field, muted warm editorial palette, 3:2 landscape, food-magazine styling, photorealistic. No text, no logos, no hands, no people.",
rillettes.jpg,rillettes,Rillettes,Cured Meat & Seafood,Spreadable,$$,/images/ingredients/rillettes.jpg,Rillettes styled on a charcuterie board,"Close-up editorial food photograph of rillettes — pale beige-grey, visibly shredded, under a white fat seal. Presented on a dark walnut serving board, with a folded natural linen cloth at the edge of frame. Styled as it would be served on a charcuterie board: serve in the pot or a small bowl with its own knife. Soft diffused natural window light from the upper left, gentle shadows, shallow depth of field, muted warm editorial palette, 3:2 landscape, food-magazine styling, photorealistic. No text, no logos, no hands, no people.",
sobrasada.jpg,sobrasada,Sobrasada,Cured Meat & Seafood,Spreadable,$$,/images/ingredients/sobrasada.jpg,Sobrasada styled on a charcuterie board,"Close-up editorial food photograph of sobrasada — vivid orange-red paste, glossy with fat. Presented on a dark walnut serving board, with a folded natural linen cloth at the edge of frame. Styled as it would be served on a charcuterie board: serve it in a small bowl with its own knife. Soft diffused natural window light from the upper left, gentle shadows, shallow depth of field, muted warm editorial palette, 3:2 landscape, food-magazine styling, photorealistic. No text, no logos, no hands, no people.",
teewurst.jpg,teewurst,Teewurst,Cured Meat & Seafood,Spreadable,$,/images/ingredients/teewurst.jpg,Teewurst styled on a charcuterie board,"Close-up editorial food photograph of teewurst — pale salmon-pink paste, sometimes in a small cloth-tied casing. Presented on a dark walnut serving board, with a folded natural linen cloth at the edge of frame. Styled as it would be served on a charcuterie board: scatter chives and cracked pepper over the top. Soft diffused natural window light from the upper left, gentle shadows, shallow depth of field, muted warm editorial palette, 3:2 landscape, food-magazine styling, photorealistic. No text, no logos, no hands, no people.",
baguette.jpg,baguette,Baguette,Crackers & Breads,Bread,$,/images/ingredients/baguette.jpg,Baguette styled on a charcuterie board,"Close-up editorial food photograph of baguette — golden, slashed diagonally, irregular holes inside. Presented on a light oak board over oatmeal linen, with a few loose crumbs scattered naturally. Styled as it would be served on a charcuterie board: slice on a sharp diagonal, about ⅓ inch thick. Soft diffused natural window light from the upper left, gentle shadows, shallow depth of field, muted warm editorial palette, 3:2 landscape, food-magazine styling, photorealistic. No text, no logos, no hands, no people.",
blini.jpg,blini,Blini,Crackers & Breads,Bread,$$,/images/ingredients/blini.jpg,Blini styled on a charcuterie board,"Close-up editorial food photograph of blini — small pale discs, slightly domed, speckled from the buckwheat. Presented on a light oak board over oatmeal linen, with a few loose crumbs scattered naturally. Styled as it would be served on a charcuterie board: serve them warm. Soft diffused natural window light from the upper left, gentle shadows, shallow depth of field, muted warm editorial palette, 3:2 landscape, food-magazine styling, photorealistic. No text, no logos, no hands, no people.",
brioche-toast-points.jpg,brioche-toast-points,Brioche Toast Points,Crackers & Breads,Bread,$$,/images/ingredients/brioche-toast-points.jpg,Brioche Toast Points styled on a charcuterie board,"Close-up editorial food photograph of brioche toast points — deep gold triangles, fine even crumb, no crust. Presented on a light oak board over oatmeal linen, with a few loose crumbs scattered naturally. Styled as it would be served on a charcuterie board: cut the crusts off. Soft diffused natural window light from the upper left, gentle shadows, shallow depth of field, muted warm editorial palette, 3:2 landscape, food-magazine styling, photorealistic. No text, no logos, no hands, no people.",
ciabatta.jpg,ciabatta,Ciabatta,Crackers & Breads,Bread,$,/images/ingredients/ciabatta.jpg,Ciabatta styled on a charcuterie board,"Close-up editorial food photograph of ciabatta — flat and irregular, dusted with flour, wide holes when torn. Presented on a light oak board over oatmeal linen, with a few loose crumbs scattered naturally. Styled as it would be served on a charcuterie board: tear it, don't slice it. Soft diffused natural window light from the upper left, gentle shadows, shallow depth of field, muted warm editorial palette, 3:2 landscape, food-magazine styling, photorealistic. No text, no logos, no hands, no people.",
cocktail-rye.jpg,cocktail-rye,Cocktail Rye,Crackers & Breads,Bread,$,/images/ingredients/cocktail-rye.jpg,Cocktail Rye styled on a charcuterie board,"Close-up editorial food photograph of cocktail rye — small brown squares with a thin crust edge. Presented on a light oak board over oatmeal linen, with a few loose crumbs scattered naturally. Styled as it would be served on a charcuterie board: a neat stack of small dark square slices, slightly fanned. Soft diffused natural window light from the upper left, gentle shadows, shallow depth of field, muted warm editorial palette, 3:2 landscape, food-magazine styling, photorealistic. No text, no logos, no hands, no people.",
crostini.jpg,crostini,Crostini,Crackers & Breads,Bread,$,/images/ingredients/crostini.jpg,Crostini styled on a charcuterie board,"Close-up editorial food photograph of crostini — small golden ovals, blistered and uneven. Presented on a light oak board over oatmeal linen, with a few loose crumbs scattered naturally. Styled as it would be served on a charcuterie board: slice a baguette on the diagonal, ¼ to ⅓ inch thick. Soft diffused natural window light from the upper left, gentle shadows, shallow depth of field, muted warm editorial palette, 3:2 landscape, food-magazine styling, photorealistic. No text, no logos, no hands, no people.",
focaccia.jpg,focaccia,Focaccia,Crackers & Breads,Bread,$$,/images/ingredients/focaccia.jpg,Focaccia styled on a charcuterie board,"Close-up editorial food photograph of focaccia — golden and dimpled, often flecked with rosemary or sea salt. Presented on a light oak board over oatmeal linen, with a few loose crumbs scattered naturally. Styled as it would be served on a charcuterie board: cut it into 1-inch cubes, not slices. Soft diffused natural window light from the upper left, gentle shadows, shallow depth of field, muted warm editorial palette, 3:2 landscape, food-magazine styling, photorealistic. No text, no logos, no hands, no people.",
friselle.jpg,friselle,Friselle,Crackers & Breads,Bread,$,/images/ingredients/friselle.jpg,Friselle styled on a charcuterie board,"Close-up editorial food photograph of friselle — thick pale rings with a rough split face, holes throughout. Presented on a light oak board over oatmeal linen, with a few loose crumbs scattered naturally. Styled as it would be served on a charcuterie board: rough golden rings, one rubbed with tomato, arranged in a loose stack. Soft diffused natural window light from the upper left, gentle shadows, shallow depth of field, muted warm editorial palette, 3:2 landscape, food-magazine styling, photorealistic. No text, no logos, no hands, no people.",
gluten-free-bread.jpg,gluten-free-bread,Gluten-Free Bread,Crackers & Breads,Bread,$$,/images/ingredients/gluten-free-bread.jpg,Gluten-Free Bread styled on a charcuterie board,"Close-up editorial food photograph of gluten-free bread — tight even crumb, pale, usually smaller slices. Presented on a light oak board over oatmeal linen, with a few loose crumbs scattered naturally. Styled as it would be served on a charcuterie board: toasted crostini slices fanned in a row. Soft diffused natural window light from the upper left, gentle shadows, shallow depth of field, muted warm editorial palette, 3:2 landscape, food-magazine styling, photorealistic. No text, no logos, no hands, no people.",
gougeres.jpg,gougeres,Gougères,Crackers & Breads,Bread,$$,/images/ingredients/gougeres.jpg,Gougères styled on a charcuterie board,"Close-up editorial food photograph of gougères — golden domes, irregular, about an inch across. Presented on a light oak board over oatmeal linen, with a few loose crumbs scattered naturally. Styled as it would be served on a charcuterie board: serve warm, from the oven, in a bowl or napkin-lined basket. Soft diffused natural window light from the upper left, gentle shadows, shallow depth of field, muted warm editorial palette, 3:2 landscape, food-magazine styling, photorealistic. No text, no logos, no hands, no people.",
grissini.jpg,grissini,Grissini,Crackers & Breads,Bread,$,/images/ingredients/grissini.jpg,Grissini styled on a charcuterie board,"Close-up editorial food photograph of grissini — long and pale gold, either knobbly or pencil-straight. Presented on a light oak board over oatmeal linen, with a few loose crumbs scattered naturally. Styled as it would be served on a charcuterie board: stand them upright in a heavy glass, small vase or jar. Soft diffused natural window light from the upper left, gentle shadows, shallow depth of field, muted warm editorial palette, 3:2 landscape, food-magazine styling, photorealistic. No text, no logos, no hands, no people.",
lavash.jpg,lavash,Lavash,Crackers & Breads,Bread,$,/images/ingredients/lavash.jpg,Lavash styled on a charcuterie board,"Close-up editorial food photograph of lavash — large thin sheets, blistered, often seeded. Presented on a light oak board over oatmeal linen, with a few loose crumbs scattered naturally. Styled as it would be served on a charcuterie board: large thin sheets broken into irregular shards, blistered and seeded. Soft diffused natural window light from the upper left, gentle shadows, shallow depth of field, muted warm editorial palette, 3:2 landscape, food-magazine styling, photorealistic. No text, no logos, no hands, no people.",
lefse.jpg,lefse,Lefse,Crackers & Breads,Bread,$$,/images/ingredients/lefse.jpg,Lefse styled on a charcuterie board,"Close-up editorial food photograph of lefse — large pale rounds, freckled with brown spots. Presented on a light oak board over oatmeal linen, with a few loose crumbs scattered naturally. Styled as it would be served on a charcuterie board: cut it into wedges or strips. Soft diffused natural window light from the upper left, gentle shadows, shallow depth of field, muted warm editorial palette, 3:2 landscape, food-magazine styling, photorealistic. No text, no logos, no hands, no people.",
mini-naan.jpg,mini-naan,Mini Naan,Crackers & Breads,Bread,$,/images/ingredients/mini-naan.jpg,Mini Naan styled on a charcuterie board,"Close-up editorial food photograph of mini naan — small teardrop or oval rounds, puffed and charred in spots. Presented on a light oak board over oatmeal linen, with a few loose crumbs scattered naturally. Styled as it would be served on a charcuterie board: tear into strips or wedges. Soft diffused natural window light from the upper left, gentle shadows, shallow depth of field, muted warm editorial palette, 3:2 landscape, food-magazine styling, photorealistic. No text, no logos, no hands, no people.",
pumpernickel.jpg,pumpernickel,Pumpernickel,Crackers & Breads,Bread,$,/images/ingredients/pumpernickel.jpg,Pumpernickel styled on a charcuterie board,"Close-up editorial food photograph of pumpernickel — near-black, tight crumb, no visible holes. Presented on a light oak board over oatmeal linen, with a few loose crumbs scattered naturally. Styled as it would be served on a charcuterie board: cut it thin — about ¼ inch — then quarter the slices. Soft diffused natural window light from the upper left, gentle shadows, shallow depth of field, muted warm editorial palette, 3:2 landscape, food-magazine styling, photorealistic. No text, no logos, no hands, no people.",
pao-de-queijo.jpg,pao-de-queijo,Pão de Queijo,Crackers & Breads,Bread,$$,/images/ingredients/pao-de-queijo.jpg,Pão de Queijo styled on a charcuterie board,"Close-up editorial food photograph of pão de queijo — small pale golden balls, cracked on top, about an inch and a half. Presented on a light oak board over oatmeal linen, with a few loose crumbs scattered naturally. Styled as it would be served on a charcuterie board: warm golden puffs heaped in a small basket. Soft diffused natural window light from the upper left, gentle shadows, shallow depth of field, muted warm editorial palette, 3:2 landscape, food-magazine styling, photorealistic. No text, no logos, no hands, no people.",
socca.jpg,socca,Socca,Crackers & Breads,Bread,$,/images/ingredients/socca.jpg,Socca styled on a charcuterie board,"Close-up editorial food photograph of socca — deep gold with dark blistered spots, torn into rough wedges. Presented on a light oak board over oatmeal linen, with a few loose crumbs scattered naturally. Styled as it would be served on a charcuterie board: tear it, don't cut it. Soft diffused natural window light from the upper left, gentle shadows, shallow depth of field, muted warm editorial palette, 3:2 landscape, food-magazine styling, photorealistic. No text, no logos, no hands, no people.",
sourdough.jpg,sourdough,Sourdough,Crackers & Breads,Bread,$$,/images/ingredients/sourdough.jpg,Sourdough styled on a charcuterie board,"Close-up editorial food photograph of sourdough — dark burnished crust, blistered surface, irregular open holes. Presented on a light oak board over oatmeal linen, with a few loose crumbs scattered naturally. Styled as it would be served on a charcuterie board: tear it, don't slice it. Soft diffused natural window light from the upper left, gentle shadows, shallow depth of field, muted warm editorial palette, 3:2 landscape, food-magazine styling, photorealistic. No text, no logos, no hands, no people.",
walnut-raisin-bread.jpg,walnut-raisin-bread,Walnut Raisin Bread,Crackers & Breads,Bread,$$,/images/ingredients/walnut-raisin-bread.jpg,Walnut Raisin Bread styled on a charcuterie board,"Close-up editorial food photograph of walnut raisin bread — dense tan crumb studded with dark fruit and pale nut halves. Presented on a light oak board over oatmeal linen, with a few loose crumbs scattered naturally. Styled as it would be served on a charcuterie board: slice thin, then halve or quarter the slices. Soft diffused natural window light from the upper left, gentle shadows, shallow depth of field, muted warm editorial palette, 3:2 landscape, food-magazine styling, photorealistic. No text, no logos, no hands, no people.",
cheddar-crisps.jpg,cheddar-crisps,Cheddar Crisps,Crackers & Breads,Cheese crisp,$$,/images/ingredients/cheddar-crisps.jpg,Cheddar Crisps styled on a charcuterie board,"Close-up editorial food photograph of cheddar crisps — deep orange to amber, bubbled and uneven. Presented on a light oak board over oatmeal linen, with a few loose crumbs scattered naturally. Styled as it would be served on a charcuterie board: a loose pile of lacy golden crisps in a shallow dish. Soft diffused natural window light from the upper left, gentle shadows, shallow depth of field, muted warm editorial palette, 3:2 landscape, food-magazine styling, photorealistic. No text, no logos, no hands, no people.",
parmesan-crisps.jpg,parmesan-crisps,Parmesan Crisps,Crackers & Breads,Cheese crisp,$$,/images/ingredients/parmesan-crisps.jpg,Parmesan Crisps styled on a charcuterie board,"Close-up editorial food photograph of parmesan crisps — golden, irregular, full of small holes. Presented on a light oak board over oatmeal linen, with a few loose crumbs scattered naturally. Styled as it would be served on a charcuterie board: drape them over a rolling pin while warm. Soft diffused natural window light from the upper left, gentle shadows, shallow depth of field, muted warm editorial palette, 3:2 landscape, food-magazine styling, photorealistic. No text, no logos, no hands, no people.",
chocolate-wafers.jpg,chocolate-wafers,Chocolate Wafers,Crackers & Breads,Dessert base,$$,/images/ingredients/chocolate-wafers.jpg,Chocolate Wafers styled on a charcuterie board,"Close-up editorial food photograph of chocolate wafers — near-black rounds, matte. Presented on a light oak board over oatmeal linen, with a few loose crumbs scattered naturally. Styled as it would be served on a charcuterie board: fan them. Soft diffused natural window light from the upper left, gentle shadows, shallow depth of field, muted warm editorial palette, 3:2 landscape, food-magazine styling, photorealistic. No text, no logos, no hands, no people.",
gingersnaps.jpg,gingersnaps,Gingersnaps,Crackers & Breads,Dessert base,$,/images/ingredients/gingersnaps.jpg,Gingersnaps styled on a charcuterie board,"Close-up editorial food photograph of gingersnaps — dark brown rounds, often sugar-crusted and crackle-topped. Presented on a light oak board over oatmeal linen, with a few loose crumbs scattered naturally. Styled as it would be served on a charcuterie board: serve them whole. Soft diffused natural window light from the upper left, gentle shadows, shallow depth of field, muted warm editorial palette, 3:2 landscape, food-magazine styling, photorealistic. No text, no logos, no hands, no people.",
graham-crackers.jpg,graham-crackers,Graham Crackers,Crackers & Breads,Dessert base,$,/images/ingredients/graham-crackers.jpg,Graham Crackers styled on a charcuterie board,"Close-up editorial food photograph of graham crackers — tan rectangles with docking holes and a scored line. Presented on a light oak board over oatmeal linen, with a few loose crumbs scattered naturally. Styled as it would be served on a charcuterie board: break them along the scored lines. Soft diffused natural window light from the upper left, gentle shadows, shallow depth of field, muted warm editorial palette, 3:2 landscape, food-magazine styling, photorealistic. No text, no logos, no hands, no people.",
pizzelle.jpg,pizzelle,Pizzelle,Crackers & Breads,Dessert base,$$,/images/ingredients/pizzelle.jpg,Pizzelle styled on a charcuterie board,"Close-up editorial food photograph of pizzelle — thin pale discs with an intricate snowflake pattern. Presented on a light oak board over oatmeal linen, with a few loose crumbs scattered naturally. Styled as it would be served on a charcuterie board: break a couple deliberately. Soft diffused natural window light from the upper left, gentle shadows, shallow depth of field, muted warm editorial palette, 3:2 landscape, food-magazine styling, photorealistic. No text, no logos, no hands, no people.",
shortbread.jpg,shortbread,Shortbread,Crackers & Breads,Dessert base,$$,/images/ingredients/shortbread.jpg,Shortbread styled on a charcuterie board,"Close-up editorial food photograph of shortbread — pale gold, matte, often fork-pricked. Presented on a light oak board over oatmeal linen, with a few loose crumbs scattered naturally. Styled as it would be served on a charcuterie board: thick pale fingers fanned in a row, fork-pricked. Soft diffused natural window light from the upper left, gentle shadows, shallow depth of field, muted warm editorial palette, 3:2 landscape, food-magazine styling, photorealistic. No text, no logos, no hands, no people.",
speculoos.jpg,speculoos,Speculoos,Crackers & Breads,Dessert base,$,/images/ingredients/speculoos.jpg,Speculoos styled on a charcuterie board,"Close-up editorial food photograph of speculoos — deep caramel brown, often stamped with a pattern. Presented on a light oak board over oatmeal linen, with a few loose crumbs scattered naturally. Styled as it would be served on a charcuterie board: serve them whole. Soft diffused natural window light from the upper left, gentle shadows, shallow depth of field, muted warm editorial palette, 3:2 landscape, food-magazine styling, photorealistic. No text, no logos, no hands, no people.",
almond-flour-crackers.jpg,almond-flour-crackers,Almond Flour Crackers,Crackers & Breads,Flavored base,$$,/images/ingredients/almond-flour-crackers.jpg,Almond Flour Crackers styled on a charcuterie board,"Close-up editorial food photograph of almond flour crackers — pale tan, slightly thick, matte. Presented on a light oak board over oatmeal linen, with a few loose crumbs scattered naturally. Styled as it would be served on a charcuterie board: fan them flat and handle them once. Soft diffused natural window light from the upper left, gentle shadows, shallow depth of field, muted warm editorial palette, 3:2 landscape, food-magazine styling, photorealistic. No text, no logos, no hands, no people.",
butter-crackers.jpg,butter-crackers,Butter Crackers,Crackers & Breads,Flavored base,$,/images/ingredients/butter-crackers.jpg,Butter Crackers styled on a charcuterie board,"Close-up editorial food photograph of butter crackers — golden, round, scalloped edge, docked with tiny holes. Presented on a light oak board over oatmeal linen, with a few loose crumbs scattered naturally. Styled as it would be served on a charcuterie board: stack, don't fan. Soft diffused natural window light from the upper left, gentle shadows, shallow depth of field, muted warm editorial palette, 3:2 landscape, food-magazine styling, photorealistic. No text, no logos, no hands, no people.",
charcoal-crackers.jpg,charcoal-crackers,Charcoal Crackers,Crackers & Breads,Flavored base,$$$,/images/ingredients/charcoal-crackers.jpg,Charcoal Crackers styled on a charcuterie board,"Close-up editorial food photograph of charcoal crackers — matte jet black, the highest-contrast item available for a board. Presented on a light oak board over oatmeal linen, with a few loose crumbs scattered naturally. Styled as it would be served on a charcuterie board: three or four jet-black crackers fanned against the pale surface. Soft diffused natural window light from the upper left, gentle shadows, shallow depth of field, muted warm editorial palette, 3:2 landscape, food-magazine styling, photorealistic. No text, no logos, no hands, no people.",
chickpea-crackers.jpg,chickpea-crackers,Chickpea Crackers,Crackers & Breads,Flavored base,$$,/images/ingredients/chickpea-crackers.jpg,Chickpea Crackers styled on a charcuterie board,"Close-up editorial food photograph of chickpea crackers — pale gold to tan, often thicker than a wheat cracker. Presented on a light oak board over oatmeal linen, with a few loose crumbs scattered naturally. Styled as it would be served on a charcuterie board: fanned in an overlapping row. Soft diffused natural window light from the upper left, gentle shadows, shallow depth of field, muted warm editorial palette, 3:2 landscape, food-magazine styling, photorealistic. No text, no logos, no hands, no people.",
digestive-biscuits.jpg,digestive-biscuits,Digestive Biscuits,Crackers & Breads,Flavored base,$,/images/ingredients/digestive-biscuits.jpg,Digestive Biscuits styled on a charcuterie board,"Close-up editorial food photograph of digestive biscuits — pale brown rounds, docked with holes, slightly domed. Presented on a light oak board over oatmeal linen, with a few loose crumbs scattered naturally. Styled as it would be served on a charcuterie board: break a few in half. Soft diffused natural window light from the upper left, gentle shadows, shallow depth of field, muted warm editorial palette, 3:2 landscape, food-magazine styling, photorealistic. No text, no logos, no hands, no people.",
everything-crackers.jpg,everything-crackers,Everything Crackers,Crackers & Breads,Flavored base,$$,/images/ingredients/everything-crackers.jpg,Everything Crackers styled on a charcuterie board,"Close-up editorial food photograph of everything crackers — speckled black and white and tan, visibly topped. Presented on a light oak board over oatmeal linen, with a few loose crumbs scattered naturally. Styled as it would be served on a charcuterie board: fanned in an overlapping row, seeds clearly visible. Soft diffused natural window light from the upper left, gentle shadows, shallow depth of field, muted warm editorial palette, 3:2 landscape, food-magazine styling, photorealistic. No text, no logos, no hands, no people.",
flaxseed-crackers.jpg,flaxseed-crackers,Flaxseed Crackers,Crackers & Breads,Flavored base,$$,/images/ingredients/flaxseed-crackers.jpg,Flaxseed Crackers styled on a charcuterie board,"Close-up editorial food photograph of flaxseed crackers — dark brown, densely packed with whole seeds. Presented on a light oak board over oatmeal linen, with a few loose crumbs scattered naturally. Styled as it would be served on a charcuterie board: break them into rough shards. Soft diffused natural window light from the upper left, gentle shadows, shallow depth of field, muted warm editorial palette, 3:2 landscape, food-magazine styling, photorealistic. No text, no logos, no hands, no people.",
fruit-and-nut-crisps.jpg,fruit-and-nut-crisps,Fruit & Nut Crisps,Crackers & Breads,Flavored base,$$$,/images/ingredients/fruit-and-nut-crisps.jpg,Fruit & Nut Crisps styled on a charcuterie board,"Close-up editorial food photograph of fruit & nut crisps — thin ovals with visible fruit and nut cross-sections. Presented on a light oak board over oatmeal linen, with a few loose crumbs scattered naturally. Styled as it would be served on a charcuterie board: lay them flat and slightly separated. Soft diffused natural window light from the upper left, gentle shadows, shallow depth of field, muted warm editorial palette, 3:2 landscape, food-magazine styling, photorealistic. No text, no logos, no hands, no people.",
oatcakes.jpg,oatcakes,Oatcakes,Crackers & Breads,Flavored base,$,/images/ingredients/oatcakes.jpg,Oatcakes styled on a charcuterie board,"Close-up editorial food photograph of oatcakes — thick, pale beige, rough-surfaced, usually round. Presented on a light oak board over oatmeal linen, with a few loose crumbs scattered naturally. Styled as it would be served on a charcuterie board: stack them slightly offset. Soft diffused natural window light from the upper left, gentle shadows, shallow depth of field, muted warm editorial palette, 3:2 landscape, food-magazine styling, photorealistic. No text, no logos, no hands, no people.",
olive-oil-crackers.jpg,olive-oil-crackers,Olive Oil Crackers,Crackers & Breads,Flavored base,$$,/images/ingredients/olive-oil-crackers.jpg,Olive Oil Crackers styled on a charcuterie board,"Close-up editorial food photograph of olive oil crackers — pale gold, bubbled surface, irregular edges. Presented on a light oak board over oatmeal linen, with a few loose crumbs scattered naturally. Styled as it would be served on a charcuterie board: break the large sheets, snap the small ones. Soft diffused natural window light from the upper left, gentle shadows, shallow depth of field, muted warm editorial palette, 3:2 landscape, food-magazine styling, photorealistic. No text, no logos, no hands, no people.",
pane-carasau.jpg,pane-carasau,Pane Carasau,Crackers & Breads,Flavored base,$$,/images/ingredients/pane-carasau.jpg,Pane Carasau styled on a charcuterie board,"Close-up editorial food photograph of pane carasau — large pale translucent sheets, blistered, irregular. Presented on a light oak board over oatmeal linen, with a few loose crumbs scattered naturally. Styled as it would be served on a charcuterie board: large pale translucent sheets broken into irregular shards. Soft diffused natural window light from the upper left, gentle shadows, shallow depth of field, muted warm editorial palette, 3:2 landscape, food-magazine styling, photorealistic. No text, no logos, no hands, no people.",
papadum.jpg,papadum,Papadum,Crackers & Breads,Flavored base,$,/images/ingredients/papadum.jpg,Papadum styled on a charcuterie board,"Close-up editorial food photograph of papadum — large blistered discs, irregular and translucent in places. Presented on a light oak board over oatmeal linen, with a few loose crumbs scattered naturally. Styled as it would be served on a charcuterie board: break into large shards. Soft diffused natural window light from the upper left, gentle shadows, shallow depth of field, muted warm editorial palette, 3:2 landscape, food-magazine styling, photorealistic. No text, no logos, no hands, no people.",
prawn-crackers.jpg,prawn-crackers,Prawn Crackers,Crackers & Breads,Flavored base,$,/images/ingredients/prawn-crackers.jpg,Prawn Crackers styled on a charcuterie board,"Close-up editorial food photograph of prawn crackers — pale pink or white, irregular, honeycombed with tiny holes. Presented on a light oak board over oatmeal linen, with a few loose crumbs scattered naturally. Styled as it would be served on a charcuterie board: serve them in a bowl, not on the board. Soft diffused natural window light from the upper left, gentle shadows, shallow depth of field, muted warm editorial palette, 3:2 landscape, food-magazine styling, photorealistic. No text, no logos, no hands, no people.",
pretzel-crisps.jpg,pretzel-crisps,Pretzel Crisps,Crackers & Breads,Flavored base,$,/images/ingredients/pretzel-crisps.jpg,Pretzel Crisps styled on a charcuterie board,"Close-up editorial food photograph of pretzel crisps — flat ovals, deep mahogany, visible salt crystals. Presented on a light oak board over oatmeal linen, with a few loose crumbs scattered naturally. Styled as it would be served on a charcuterie board: stand them upright in a short jar or glass. Soft diffused natural window light from the upper left, gentle shadows, shallow depth of field, muted warm editorial palette, 3:2 landscape, food-magazine styling, photorealistic. No text, no logos, no hands, no people.",
rosemary-crackers.jpg,rosemary-crackers,Rosemary Crackers,Crackers & Breads,Flavored base,$$,/images/ingredients/rosemary-crackers.jpg,Rosemary Crackers styled on a charcuterie board,"Close-up editorial food photograph of rosemary crackers — pale gold with green flecks, blistered surface. Presented on a light oak board over oatmeal linen, with a few loose crumbs scattered naturally. Styled as it would be served on a charcuterie board: large sheets broken into irregular shards, rosemary visible. Soft diffused natural window light from the upper left, gentle shadows, shallow depth of field, muted warm editorial palette, 3:2 landscape, food-magazine styling, photorealistic. No text, no logos, no hands, no people.",
rye-crispbread.jpg,rye-crispbread,Rye Crispbread,Crackers & Breads,Flavored base,$,/images/ingredients/rye-crispbread.jpg,Rye Crispbread styled on a charcuterie board,"Close-up editorial food photograph of rye crispbread — large brown rectangles or rounds, dimpled all over. Presented on a light oak board over oatmeal linen, with a few loose crumbs scattered naturally. Styled as it would be served on a charcuterie board: break it, don't serve it whole. Soft diffused natural window light from the upper left, gentle shadows, shallow depth of field, muted warm editorial palette, 3:2 landscape, food-magazine styling, photorealistic. No text, no logos, no hands, no people.",
seeded-crackers.jpg,seeded-crackers,Seeded Crackers,Crackers & Breads,Flavored base,$$,/images/ingredients/seeded-crackers.jpg,Seeded Crackers styled on a charcuterie board,"Close-up editorial food photograph of seeded crackers — speckled and bumpy, tan to dark brown. Presented on a light oak board over oatmeal linen, with a few loose crumbs scattered naturally. Styled as it would be served on a charcuterie board: fan them, don't stack. Soft diffused natural window light from the upper left, gentle shadows, shallow depth of field, muted warm editorial palette, 3:2 landscape, food-magazine styling, photorealistic. No text, no logos, no hands, no people.",
sesame-crackers.jpg,sesame-crackers,Sesame Crackers,Crackers & Breads,Flavored base,$,/images/ingredients/sesame-crackers.jpg,Sesame Crackers styled on a charcuterie board,"Close-up editorial food photograph of sesame crackers — pale to golden, evenly freckled with seeds. Presented on a light oak board over oatmeal linen, with a few loose crumbs scattered naturally. Styled as it would be served on a charcuterie board: large sheets broken into irregular shards, sesame seeds visible. Soft diffused natural window light from the upper left, gentle shadows, shallow depth of field, muted warm editorial palette, 3:2 landscape, food-magazine styling, photorealistic. No text, no logos, no hands, no people.",
taralli.jpg,taralli,Taralli,Crackers & Breads,Flavored base,$,/images/ingredients/taralli.jpg,Taralli styled on a charcuterie board,"Close-up editorial food photograph of taralli — small pale rings, knobbly and irregular, about an inch across. Presented on a light oak board over oatmeal linen, with a few loose crumbs scattered naturally. Styled as it would be served on a charcuterie board: pile them in a small bowl. Soft diffused natural window light from the upper left, gentle shadows, shallow depth of field, muted warm editorial palette, 3:2 landscape, food-magazine styling, photorealistic. No text, no logos, no hands, no people.",
whole-wheat-crackers.jpg,whole-wheat-crackers,Whole Wheat Crackers,Crackers & Breads,Flavored base,$,/images/ingredients/whole-wheat-crackers.jpg,Whole Wheat Crackers styled on a charcuterie board,"Close-up editorial food photograph of whole wheat crackers — tan to brown, visibly grainy, often woven or flecked. Presented on a light oak board over oatmeal linen, with a few loose crumbs scattered naturally. Styled as it would be served on a charcuterie board: stack in short overlapping rows. Soft diffused natural window light from the upper left, gentle shadows, shallow depth of field, muted warm editorial palette, 3:2 landscape, food-magazine styling, photorealistic. No text, no logos, no hands, no people.",
bath-olivers.jpg,bath-olivers,Bath Olivers,Crackers & Breads,Neutral base,$$$,/images/ingredients/bath-olivers.jpg,Bath Olivers styled on a charcuterie board,"Close-up editorial food photograph of bath olivers — pale round, docked with holes, traditionally embossed. Presented on a light oak board over oatmeal linen, with a few loose crumbs scattered naturally. Styled as it would be served on a charcuterie board: fanned in an overlapping row, plain side up. Soft diffused natural window light from the upper left, gentle shadows, shallow depth of field, muted warm editorial palette, 3:2 landscape, food-magazine styling, photorealistic. No text, no logos, no hands, no people.",
cassava-crackers.jpg,cassava-crackers,Cassava Crackers,Crackers & Breads,Neutral base,$$,/images/ingredients/cassava-crackers.jpg,Cassava Crackers styled on a charcuterie board,"Close-up editorial food photograph of cassava crackers — pale, thin, slightly translucent at the edges. Presented on a light oak board over oatmeal linen, with a few loose crumbs scattered naturally. Styled as it would be served on a charcuterie board: fanned in an overlapping row. Soft diffused natural window light from the upper left, gentle shadows, shallow depth of field, muted warm editorial palette, 3:2 landscape, food-magazine styling, photorealistic. No text, no logos, no hands, no people.",
cream-crackers.jpg,cream-crackers,Cream Crackers,Crackers & Breads,Neutral base,$,/images/ingredients/cream-crackers.jpg,Cream Crackers styled on a charcuterie board,"Close-up editorial food photograph of cream crackers — pale square, heavily docked, slightly puffed at the edges. Presented on a light oak board over oatmeal linen, with a few loose crumbs scattered naturally. Styled as it would be served on a charcuterie board: stack them in short leaning piles. Soft diffused natural window light from the upper left, gentle shadows, shallow depth of field, muted warm editorial palette, 3:2 landscape, food-magazine styling, photorealistic. No text, no logos, no hands, no people.",
matzo.jpg,matzo,Matzo,Crackers & Breads,Neutral base,$,/images/ingredients/matzo.jpg,Matzo styled on a charcuterie board,"Close-up editorial food photograph of matzo — large pale squares, blistered and docked with rows of holes. Presented on a light oak board over oatmeal linen, with a few loose crumbs scattered naturally. Styled as it would be served on a charcuterie board: break each sheet into rough quarters or sixths. Soft diffused natural window light from the upper left, gentle shadows, shallow depth of field, muted warm editorial palette, 3:2 landscape, food-magazine styling, photorealistic. No text, no logos, no hands, no people.",
melba-toast.jpg,melba-toast,Melba Toast,Crackers & Breads,Neutral base,$,/images/ingredients/melba-toast.jpg,Melba Toast styled on a charcuterie board,"Close-up editorial food photograph of melba toast — thin pale rectangles or rounds, often slightly curled. Presented on a light oak board over oatmeal linen, with a few loose crumbs scattered naturally. Styled as it would be served on a charcuterie board: very thin curled toasts fanned in a row. Soft diffused natural window light from the upper left, gentle shadows, shallow depth of field, muted warm editorial palette, 3:2 landscape, food-magazine styling, photorealistic. No text, no logos, no hands, no people.",
nut-thins.jpg,nut-thins,Nut Thins,Crackers & Breads,Neutral base,$,/images/ingredients/nut-thins.jpg,Nut Thins styled on a charcuterie board,"Close-up editorial food photograph of nut thins — small pale rectangles, smooth, slightly glossy. Presented on a light oak board over oatmeal linen, with a few loose crumbs scattered naturally. Styled as it would be served on a charcuterie board: fanned in an overlapping row. Soft diffused natural window light from the upper left, gentle shadows, shallow depth of field, muted warm editorial palette, 3:2 landscape, food-magazine styling, photorealistic. No text, no logos, no hands, no people.",
rice-crackers.jpg,rice-crackers,Rice Crackers,Crackers & Breads,Neutral base,$,/images/ingredients/rice-crackers.jpg,Rice Crackers styled on a charcuterie board,"Close-up editorial food photograph of rice crackers — small and glossy, often amber-glazed, sometimes nori-wrapped. Presented on a light oak board over oatmeal linen, with a few loose crumbs scattered naturally. Styled as it would be served on a charcuterie board: a loose pile of small pale crackers in a shallow bowl. Soft diffused natural window light from the upper left, gentle shadows, shallow depth of field, muted warm editorial palette, 3:2 landscape, food-magazine styling, photorealistic. No text, no logos, no hands, no people.",
saltines.jpg,saltines,Saltines,Crackers & Breads,Neutral base,$,/images/ingredients/saltines.jpg,Saltines styled on a charcuterie board,"Close-up editorial food photograph of saltines — pale square, perforated edges, visible salt crystals. Presented on a light oak board over oatmeal linen, with a few loose crumbs scattered naturally. Styled as it would be served on a charcuterie board: stand them on edge in a small glass or shallow bowl. Soft diffused natural window light from the upper left, gentle shadows, shallow depth of field, muted warm editorial palette, 3:2 landscape, food-magazine styling, photorealistic. No text, no logos, no hands, no people.",
water-crackers.jpg,water-crackers,Water Crackers,Crackers & Breads,Neutral base,$,/images/ingredients/water-crackers.jpg,Water Crackers styled on a charcuterie board,"Close-up editorial food photograph of water crackers — pale, dimpled, usually round or rounded-square. Presented on a light oak board over oatmeal linen, with a few loose crumbs scattered naturally. Styled as it would be served on a charcuterie board: fan them, don't stack them. Soft diffused natural window light from the upper left, gentle shadows, shallow depth of field, muted warm editorial palette, 3:2 landscape, food-magazine styling, photorealistic. No text, no logos, no hands, no people.",
bagel-chips.jpg,bagel-chips,Bagel Chips,Crackers & Breads,Sturdy scoop,$,/images/ingredients/bagel-chips.jpg,Bagel Chips styled on a charcuterie board,"Close-up editorial food photograph of bagel chips — small ovals or half-moons, sometimes seeded. Presented on a light oak board over oatmeal linen, with a few loose crumbs scattered naturally. Styled as it would be served on a charcuterie board: break the big ones in half. Soft diffused natural window light from the upper left, gentle shadows, shallow depth of field, muted warm editorial palette, 3:2 landscape, food-magazine styling, photorealistic. No text, no logos, no hands, no people.",
pita-chips.jpg,pita-chips,Pita Chips,Crackers & Breads,Sturdy scoop,$,/images/ingredients/pita-chips.jpg,Pita Chips styled on a charcuterie board,"Close-up editorial food photograph of pita chips — triangular, blistered and bubbled, uneven browning. Presented on a light oak board over oatmeal linen, with a few loose crumbs scattered naturally. Styled as it would be served on a charcuterie board: stand a few upright in the dip. Soft diffused natural window light from the upper left, gentle shadows, shallow depth of field, muted warm editorial palette, 3:2 landscape, food-magazine styling, photorealistic. No text, no logos, no hands, no people.",
plantain-chips.jpg,plantain-chips,Plantain Chips,Crackers & Breads,Sturdy scoop,$,/images/ingredients/plantain-chips.jpg,Plantain Chips styled on a charcuterie board,"Close-up editorial food photograph of plantain chips — pale gold ovals or long strips, sometimes rippled. Presented on a light oak board over oatmeal linen, with a few loose crumbs scattered naturally. Styled as it would be served on a charcuterie board: stand a few upright in the dip. Soft diffused natural window light from the upper left, gentle shadows, shallow depth of field, muted warm editorial palette, 3:2 landscape, food-magazine styling, photorealistic. No text, no logos, no hands, no people.",
root-vegetable-chips.jpg,root-vegetable-chips,Root Vegetable Chips,Crackers & Breads,Sturdy scoop,$,/images/ingredients/root-vegetable-chips.jpg,Root Vegetable Chips styled on a charcuterie board,"Close-up editorial food photograph of root vegetable chips — purple, magenta, orange, ivory — the most colorful thing on the. Presented on a light oak board over oatmeal linen, with a few loose crumbs scattered naturally. Styled as it would be served on a charcuterie board: a loose pile of purple, orange and gold chips. Soft diffused natural window light from the upper left, gentle shadows, shallow depth of field, muted warm editorial palette, 3:2 landscape, food-magazine styling, photorealistic. No text, no logos, no hands, no people.",
tostada-rounds.jpg,tostada-rounds,Tostada Rounds,Crackers & Breads,Sturdy scoop,$,/images/ingredients/tostada-rounds.jpg,Tostada Rounds styled on a charcuterie board,"Close-up editorial food photograph of tostada rounds — pale gold discs, sometimes blistered, 3–5 inches across. Presented on a light oak board over oatmeal linen, with a few loose crumbs scattered naturally. Styled as it would be served on a charcuterie board: break them into quarters or sixths. Soft diffused natural window light from the upper left, gentle shadows, shallow depth of field, muted warm editorial palette, 3:2 landscape, food-magazine styling, photorealistic. No text, no logos, no hands, no people.",
vegetable-bases.jpg,vegetable-bases,Vegetable Bases,Crackers & Breads,Vegetable,$,/images/ingredients/vegetable-bases.jpg,Vegetable Bases styled on a charcuterie board,"Close-up editorial food photograph of vegetable bases — pale endive leaves, cucumber rounds and halved mini sweet peppers arranged as edible scoops. Presented on a light oak board over oatmeal linen, with a few loose crumbs scattered naturally. Styled as it would be served on a charcuterie board: cut cucumber thick — at least ⅓ inch — and cut it last. Soft diffused natural window light from the upper left, gentle shadows, shallow depth of field, muted warm editorial palette, 3:2 landscape, food-magazine styling, photorealistic. No text, no logos, no hands, no people.",
blood-oranges.jpg,blood-oranges,Blood Oranges,Fruit,Citrus,$$,/images/ingredients/blood-oranges.jpg,Blood Oranges styled on a charcuterie board,"Close-up editorial food photograph of blood oranges — crimson-streaked wheels, sometimes solid red. Presented on a matte cream ceramic plate, with one or two loose pieces set just off the plate. Styled as it would be served on a charcuterie board: slice crosswise into wheels. Soft diffused natural window light from the upper left, gentle shadows, shallow depth of field, muted warm editorial palette, 3:2 landscape, food-magazine styling, photorealistic. No text, no logos, no hands, no people.",
grapefruit.jpg,grapefruit,Grapefruit,Fruit,Citrus,$,/images/ingredients/grapefruit.jpg,Grapefruit styled on a charcuterie board,"Close-up editorial food photograph of grapefruit — pink jewel-toned wedges, translucent at the edges. Presented on a matte cream ceramic plate, with one or two loose pieces set just off the plate. Styled as it would be served on a charcuterie board: pink supremes fanned on a small plate, membranes removed. Soft diffused natural window light from the upper left, gentle shadows, shallow depth of field, muted warm editorial palette, 3:2 landscape, food-magazine styling, photorealistic. No text, no logos, no hands, no people.",
kumquats.jpg,kumquats,Kumquats,Fruit,Citrus,$$,/images/ingredients/kumquats.jpg,Kumquats styled on a charcuterie board,"Close-up editorial food photograph of kumquats — tiny glossy orange ovals, often sold on the branch with leaves. Presented on a matte cream ceramic plate, with one or two loose pieces set just off the plate. Styled as it would be served on a charcuterie board: slice crosswise into thin wheels. Soft diffused natural window light from the upper left, gentle shadows, shallow depth of field, muted warm editorial palette, 3:2 landscape, food-magazine styling, photorealistic. No text, no logos, no hands, no people.",
mandarins.jpg,mandarins,Mandarins,Fruit,Citrus,$,/images/ingredients/mandarins.jpg,Mandarins styled on a charcuterie board,"Close-up editorial food photograph of mandarins — small orange crescents, arranged in a loose fan. Presented on a matte cream ceramic plate, with one or two loose pieces set just off the plate. Styled as it would be served on a charcuterie board: fan the segments. Soft diffused natural window light from the upper left, gentle shadows, shallow depth of field, muted warm editorial palette, 3:2 landscape, food-magazine styling, photorealistic. No text, no logos, no hands, no people.",
dried-apricots.jpg,dried-apricots,Dried Apricots,Fruit,Dried fruit,$,/images/ingredients/dried-apricots.jpg,Dried Apricots styled on a charcuterie board,"Close-up editorial food photograph of dried apricots — orange or deep amber discs. Presented on a matte cream ceramic plate, with one or two loose pieces set just off the plate. Styled as it would be served on a charcuterie board: fan or stack them. Soft diffused natural window light from the upper left, gentle shadows, shallow depth of field, muted warm editorial palette, 3:2 landscape, food-magazine styling, photorealistic. No text, no logos, no hands, no people.",
dried-cherries.jpg,dried-cherries,Dried Cherries,Fruit,Dried fruit,$$,/images/ingredients/dried-cherries.jpg,Dried Cherries styled on a charcuterie board,"Close-up editorial food photograph of dried cherries — small dark red wrinkled pieces. Presented on a matte cream ceramic plate, with one or two loose pieces set just off the plate. Styled as it would be served on a charcuterie board: scatter, don't arrange. Soft diffused natural window light from the upper left, gentle shadows, shallow depth of field, muted warm editorial palette, 3:2 landscape, food-magazine styling, photorealistic. No text, no logos, no hands, no people.",
dried-cranberries.jpg,dried-cranberries,Dried Cranberries,Fruit,Dried fruit,$,/images/ingredients/dried-cranberries.jpg,Dried Cranberries styled on a charcuterie board,"Close-up editorial food photograph of dried cranberries — small deep-red pieces, glossy. Presented on a matte cream ceramic plate, with one or two loose pieces set just off the plate. Styled as it would be served on a charcuterie board: scatter widely. Soft diffused natural window light from the upper left, gentle shadows, shallow depth of field, muted warm editorial palette, 3:2 landscape, food-magazine styling, photorealistic. No text, no logos, no hands, no people.",
dried-figs.jpg,dried-figs,Dried Figs,Fruit,Dried fruit,$,/images/ingredients/dried-figs.jpg,Dried Figs styled on a charcuterie board,"Close-up editorial food photograph of dried figs — dark or golden halves showing a pale seeded centre. Presented on a matte cream ceramic plate, with one or two loose pieces set just off the plate. Styled as it would be served on a charcuterie board: slice them in half lengthwise. Soft diffused natural window light from the upper left, gentle shadows, shallow depth of field, muted warm editorial palette, 3:2 landscape, food-magazine styling, photorealistic. No text, no logos, no hands, no people.",
dried-mango.jpg,dried-mango,Dried Mango,Fruit,Dried fruit,$$,/images/ingredients/dried-mango.jpg,Dried Mango styled on a charcuterie board,"Close-up editorial food photograph of dried mango — long strips, pale amber to deep orange. Presented on a matte cream ceramic plate, with one or two loose pieces set just off the plate. Styled as it would be served on a charcuterie board: cut long strips into 2-inch pieces. Soft diffused natural window light from the upper left, gentle shadows, shallow depth of field, muted warm editorial palette, 3:2 landscape, food-magazine styling, photorealistic. No text, no logos, no hands, no people.",
golden-raisins.jpg,golden-raisins,Golden Raisins,Fruit,Dried fruit,$,/images/ingredients/golden-raisins.jpg,Golden Raisins styled on a charcuterie board,"Close-up editorial food photograph of golden raisins — pale amber, translucent, glossy. Presented on a matte cream ceramic plate, with one or two loose pieces set just off the plate. Styled as it would be served on a charcuterie board: scatter into gaps. Soft diffused natural window light from the upper left, gentle shadows, shallow depth of field, muted warm editorial palette, 3:2 landscape, food-magazine styling, photorealistic. No text, no logos, no hands, no people.",
medjool-dates.jpg,medjool-dates,Medjool Dates,Fruit,Dried fruit,$$,/images/ingredients/medjool-dates.jpg,Medjool Dates styled on a charcuterie board,"Close-up editorial food photograph of medjool dates — deep brown, glossy, wrinkled. Presented on a matte cream ceramic plate, with one or two loose pieces set just off the plate. Styled as it would be served on a charcuterie board: wrap in half a slice of prosciutto. Soft diffused natural window light from the upper left, gentle shadows, shallow depth of field, muted warm editorial palette, 3:2 landscape, food-magazine styling, photorealistic. No text, no logos, no hands, no people.",
prunes.jpg,prunes,Prunes,Fruit,Dried fruit,$,/images/ingredients/prunes.jpg,Prunes styled on a charcuterie board,"Close-up editorial food photograph of prunes — near-black, glossy, wrinkled. Presented on a matte cream ceramic plate, with one or two loose pieces set just off the plate. Styled as it would be served on a charcuterie board: halve them. Soft diffused natural window light from the upper left, gentle shadows, shallow depth of field, muted warm editorial palette, 3:2 landscape, food-magazine styling, photorealistic. No text, no logos, no hands, no people.",
apples.jpg,apples,Apples,Fruit,Fresh fruit,$,/images/ingredients/apples.jpg,Apples styled on a charcuterie board,"Close-up editorial food photograph of apples — thin slices with a bright red or green skin edge. Presented on a matte cream ceramic plate, with one or two loose pieces set just off the plate. Styled as it would be served on a charcuterie board: slice thin — about ⅛ inch — with the skin on. Soft diffused natural window light from the upper left, gentle shadows, shallow depth of field, muted warm editorial palette, 3:2 landscape, food-magazine styling, photorealistic. No text, no logos, no hands, no people.",
berries.jpg,berries,Berries,Fruit,Fresh fruit,$$,/images/ingredients/berries.jpg,Berries styled on a charcuterie board,"Close-up editorial food photograph of berries — the strongest reds, purples and blacks available on any board. Presented on a matte cream ceramic plate, with one or two loose pieces set just off the plate. Styled as it would be served on a charcuterie board: halve strawberries lengthwise. Soft diffused natural window light from the upper left, gentle shadows, shallow depth of field, muted warm editorial palette, 3:2 landscape, food-magazine styling, photorealistic. No text, no logos, no hands, no people.",
cherries.jpg,cherries,Cherries,Fruit,Fresh fruit,$$,/images/ingredients/cherries.jpg,Cherries styled on a charcuterie board,"Close-up editorial food photograph of cherries — deep red-black to gold-blush, glossy, on green stems. Presented on a matte cream ceramic plate, with one or two loose pieces set just off the plate. Styled as it would be served on a charcuterie board: a small cluster with stems on, a few loose beside them. Soft diffused natural window light from the upper left, gentle shadows, shallow depth of field, muted warm editorial palette, 3:2 landscape, food-magazine styling, photorealistic. No text, no logos, no hands, no people.",
figs.jpg,figs,Figs,Fruit,Fresh fruit,$$$,/images/ingredients/figs.jpg,Figs styled on a charcuterie board,"Close-up editorial food photograph of figs — teardrop shape; halved, a pink-red centre in a pale ring. Presented on a matte cream ceramic plate, with one or two loose pieces set just off the plate. Styled as it would be served on a charcuterie board: halve or quarter them lengthwise. Soft diffused natural window light from the upper left, gentle shadows, shallow depth of field, muted warm editorial palette, 3:2 landscape, food-magazine styling, photorealistic. No text, no logos, no hands, no people.",
fresh-apricots.jpg,fresh-apricots,Fresh Apricots,Fruit,Fresh fruit,$$,/images/ingredients/fresh-apricots.jpg,Fresh Apricots styled on a charcuterie board,"Close-up editorial food photograph of fresh apricots — orange-gold halves with a shallow hollow. Presented on a matte cream ceramic plate, with one or two loose pieces set just off the plate. Styled as it would be served on a charcuterie board: halve along the natural seam. Soft diffused natural window light from the upper left, gentle shadows, shallow depth of field, muted warm editorial palette, 3:2 landscape, food-magazine styling, photorealistic. No text, no logos, no hands, no people.",
grapes.jpg,grapes,Grapes,Fruit,Fresh fruit,$,/images/ingredients/grapes.jpg,Grapes styled on a charcuterie board,"Close-up editorial food photograph of grapes — clusters on woody green-brown stems. Presented on a matte cream ceramic plate, with one or two loose pieces set just off the plate. Styled as it would be served on a charcuterie board: snip into small clusters with scissors. Soft diffused natural window light from the upper left, gentle shadows, shallow depth of field, muted warm editorial palette, 3:2 landscape, food-magazine styling, photorealistic. No text, no logos, no hands, no people.",
melon.jpg,melon,Melon,Fruit,Fresh fruit,$,/images/ingredients/melon.jpg,Melon styled on a charcuterie board,"Close-up editorial food photograph of melon — orange or pale green wedges and cubes. Presented on a matte cream ceramic plate, with one or two loose pieces set just off the plate. Styled as it would be served on a charcuterie board: cut pieces a ham slice can wrap. Soft diffused natural window light from the upper left, gentle shadows, shallow depth of field, muted warm editorial palette, 3:2 landscape, food-magazine styling, photorealistic. No text, no logos, no hands, no people.",
peaches.jpg,peaches,Peaches,Fruit,Fresh fruit,$,/images/ingredients/peaches.jpg,Peaches styled on a charcuterie board,"Close-up editorial food photograph of peaches — blushed gold-and-red, cut into thick crescents. Presented on a matte cream ceramic plate, with one or two loose pieces set just off the plate. Styled as it would be served on a charcuterie board: cut into eighths. Soft diffused natural window light from the upper left, gentle shadows, shallow depth of field, muted warm editorial palette, 3:2 landscape, food-magazine styling, photorealistic. No text, no logos, no hands, no people.",
pears.jpg,pears,Pears,Fruit,Fresh fruit,$,/images/ingredients/pears.jpg,Pears styled on a charcuterie board,"Close-up editorial food photograph of pears — pale cream flesh with a green, brown or red skin edge. Presented on a matte cream ceramic plate, with one or two loose pieces set just off the plate. Styled as it would be served on a charcuterie board: slice thin lengthwise with the skin on. Soft diffused natural window light from the upper left, gentle shadows, shallow depth of field, muted warm editorial palette, 3:2 landscape, food-magazine styling, photorealistic. No text, no logos, no hands, no people.",
persimmon.jpg,persimmon,Persimmon,Fruit,Fresh fruit,$$,/images/ingredients/persimmon.jpg,Persimmon styled on a charcuterie board,"Close-up editorial food photograph of persimmon — deep orange discs, translucent at the edges. Presented on a matte cream ceramic plate, with one or two loose pieces set just off the plate. Styled as it would be served on a charcuterie board: slice crosswise, 1/4 inch. Soft diffused natural window light from the upper left, gentle shadows, shallow depth of field, muted warm editorial palette, 3:2 landscape, food-magazine styling, photorealistic. No text, no logos, no hands, no people.",
plums.jpg,plums,Plums,Fruit,Fresh fruit,$,/images/ingredients/plums.jpg,Plums styled on a charcuterie board,"Close-up editorial food photograph of plums — deep purple to near-black wedges with gold-red interiors. Presented on a matte cream ceramic plate, with one or two loose pieces set just off the plate. Styled as it would be served on a charcuterie board: halve along the seam and twist. Soft diffused natural window light from the upper left, gentle shadows, shallow depth of field, muted warm editorial palette, 3:2 landscape, food-magazine styling, photorealistic. No text, no logos, no hands, no people.",
pomegranate.jpg,pomegranate,Pomegranate,Fruit,Fresh fruit,$$,/images/ingredients/pomegranate.jpg,Pomegranate styled on a charcuterie board,"Close-up editorial food photograph of pomegranate — translucent ruby beads — the most jewel-like thing available. Presented on a matte cream ceramic plate, with one or two loose pieces set just off the plate. Styled as it would be served on a charcuterie board: scatter, don't pile. Soft diffused natural window light from the upper left, gentle shadows, shallow depth of field, muted warm editorial palette, 3:2 landscape, food-magazine styling, photorealistic. No text, no logos, no hands, no people.",
brandied-cherries.jpg,brandied-cherries,Brandied Cherries,Fruit,Preserved fruit,$$$,/images/ingredients/brandied-cherries.jpg,Brandied Cherries styled on a charcuterie board,"Close-up editorial food photograph of brandied cherries — near-black or deep garnet, glossy. Presented on a matte cream ceramic plate, with one or two loose pieces set just off the plate. Styled as it would be served on a charcuterie board: serve them in a small dish. Soft diffused natural window light from the upper left, gentle shadows, shallow depth of field, muted warm editorial palette, 3:2 landscape, food-magazine styling, photorealistic. No text, no logos, no hands, no people.",
candied-citrus.jpg,candied-citrus,Candied Citrus,Fruit,Preserved fruit,$$,/images/ingredients/candied-citrus.jpg,Candied Citrus styled on a charcuterie board,"Close-up editorial food photograph of candied citrus — translucent amber strips or glowing wheels. Presented on a matte cream ceramic plate, with one or two loose pieces set just off the plate. Styled as it would be served on a charcuterie board: snip into shorter pieces. Soft diffused natural window light from the upper left, gentle shadows, shallow depth of field, muted warm editorial palette, 3:2 landscape, food-magazine styling, photorealistic. No text, no logos, no hands, no people.",
kiwi.jpg,kiwi,Kiwi,Fruit,Tropical fruit,$,/images/ingredients/kiwi.jpg,Kiwi styled on a charcuterie board,"Close-up editorial food photograph of kiwi — green wheels with a white centre and a black seed ring. Presented on a matte cream ceramic plate, with one or two loose pieces set just off the plate. Styled as it would be served on a charcuterie board: slice crosswise into 1/4-inch wheels. Soft diffused natural window light from the upper left, gentle shadows, shallow depth of field, muted warm editorial palette, 3:2 landscape, food-magazine styling, photorealistic. No text, no logos, no hands, no people.",
mango.jpg,mango,Mango,Fruit,Tropical fruit,$,/images/ingredients/mango.jpg,Mango styled on a charcuterie board,"Close-up editorial food photograph of mango — deep gold slices or ribbons. Presented on a matte cream ceramic plate, with one or two loose pieces set just off the plate. Styled as it would be served on a charcuterie board: slice down either side of the flat pit. Soft diffused natural window light from the upper left, gentle shadows, shallow depth of field, muted warm editorial palette, 3:2 landscape, food-magazine styling, photorealistic. No text, no logos, no hands, no people.",
passion-fruit.jpg,passion-fruit,Passion Fruit,Fruit,Tropical fruit,$$$,/images/ingredients/passion-fruit.jpg,Passion Fruit styled on a charcuterie board,"Close-up editorial food photograph of passion fruit — wrinkled purple shells filled with glossy orange. Presented on a matte cream ceramic plate, with one or two loose pieces set just off the plate. Styled as it would be served on a charcuterie board: halve crosswise with a serrated knife. Soft diffused natural window light from the upper left, gentle shadows, shallow depth of field, muted warm editorial palette, 3:2 landscape, food-magazine styling, photorealistic. No text, no logos, no hands, no people.",
pineapple.jpg,pineapple,Pineapple,Fruit,Tropical fruit,$,/images/ingredients/pineapple.jpg,Pineapple styled on a charcuterie board,"Close-up editorial food photograph of pineapple — gold wedges with a paler firm core. Presented on a matte cream ceramic plate, with one or two loose pieces set just off the plate. Styled as it would be served on a charcuterie board: cut top and bottom flat. Soft diffused natural window light from the upper left, gentle shadows, shallow depth of field, muted warm editorial palette, 3:2 landscape, food-magazine styling, photorealistic. No text, no logos, no hands, no people.",
candied-pecans.jpg,candied-pecans,Candied Pecans,Nuts & Seeds,Candied & spiced nuts,$$,/images/ingredients/candied-pecans.jpg,Candied Pecans styled on a charcuterie board,"Close-up editorial food photograph of candied pecans — glossy amber halves, slightly clustered. Presented on a small unglazed stoneware bowl on oatmeal linen, with a scattering of a few pieces beside the bowl. Styled as it would be served on a charcuterie board: a loose pile of glazed halves, some clustered together. Soft diffused natural window light from the upper left, gentle shadows, shallow depth of field, muted warm editorial palette, 3:2 landscape, food-magazine styling, photorealistic. No text, no logos, no hands, no people.",
honey-roasted-peanuts.jpg,honey-roasted-peanuts,Honey Roasted Peanuts,Nuts & Seeds,Candied & spiced nuts,$,/images/ingredients/honey-roasted-peanuts.jpg,Honey Roasted Peanuts styled on a charcuterie board,"Close-up editorial food photograph of honey roasted peanuts — tan-brown, matte, slightly dusty. Presented on a small unglazed stoneware bowl on oatmeal linen, with a scattering of a few pieces beside the bowl. Styled as it would be served on a charcuterie board: serve in a bowl. Soft diffused natural window light from the upper left, gentle shadows, shallow depth of field, muted warm editorial palette, 3:2 landscape, food-magazine styling, photorealistic. No text, no logos, no hands, no people.",
roasted-chestnuts.jpg,roasted-chestnuts,Roasted Chestnuts,Nuts & Seeds,Candied & spiced nuts,$$,/images/ingredients/roasted-chestnuts.jpg,Roasted Chestnuts styled on a charcuterie board,"Close-up editorial food photograph of roasted chestnuts — irregular pale golden lobes. Presented on a small unglazed stoneware bowl on oatmeal linen, with a scattering of a few pieces beside the bowl. Styled as it would be served on a charcuterie board: score an X. Soft diffused natural window light from the upper left, gentle shadows, shallow depth of field, muted warm editorial palette, 3:2 landscape, food-magazine styling, photorealistic. No text, no logos, no hands, no people.",
spiced-nut-mix.jpg,spiced-nut-mix,Spiced Nut Mix,Nuts & Seeds,Candied & spiced nuts,$$,/images/ingredients/spiced-nut-mix.jpg,Spiced Nut Mix styled on a charcuterie board,"Close-up editorial food photograph of spiced nut mix — glossy mixed browns flecked with dark green rosemary. Presented on a small unglazed stoneware bowl on oatmeal linen, with a scattering of a few pieces beside the bowl. Styled as it would be served on a charcuterie board: warm mixed nuts in a small bowl, flecked with rosemary. Soft diffused natural window light from the upper left, gentle shadows, shallow depth of field, muted warm editorial palette, 3:2 landscape, food-magazine styling, photorealistic. No text, no logos, no hands, no people.",
almonds.jpg,almonds,Almonds,Nuts & Seeds,Nuts,$,/images/ingredients/almonds.jpg,Almonds styled on a charcuterie board,"Close-up editorial food photograph of almonds — brown-skinned ovals, or pale ivory if blanched. Presented on a small unglazed stoneware bowl on oatmeal linen, with a scattering of a few pieces beside the bowl. Styled as it would be served on a charcuterie board: scatter into gaps. Soft diffused natural window light from the upper left, gentle shadows, shallow depth of field, muted warm editorial palette, 3:2 landscape, food-magazine styling, photorealistic. No text, no logos, no hands, no people.",
brazil-nuts.jpg,brazil-nuts,Brazil Nuts,Nuts & Seeds,Nuts,$$,/images/ingredients/brazil-nuts.jpg,Brazil Nuts styled on a charcuterie board,"Close-up editorial food photograph of brazil nuts — large pale-cream wedges, or thin translucent curls when shaved. Presented on a small unglazed stoneware bowl on oatmeal linen, with a scattering of a few pieces beside the bowl. Styled as it would be served on a charcuterie board: shave them with a vegetable peeler. Soft diffused natural window light from the upper left, gentle shadows, shallow depth of field, muted warm editorial palette, 3:2 landscape, food-magazine styling, photorealistic. No text, no logos, no hands, no people.",
cashews.jpg,cashews,Cashews,Nuts & Seeds,Nuts,$$,/images/ingredients/cashews.jpg,Cashews styled on a charcuterie board,"Close-up editorial food photograph of cashews — pale ivory crescents. Presented on a small unglazed stoneware bowl on oatmeal linen, with a scattering of a few pieces beside the bowl. Styled as it would be served on a charcuterie board: serve in a bowl. Soft diffused natural window light from the upper left, gentle shadows, shallow depth of field, muted warm editorial palette, 3:2 landscape, food-magazine styling, photorealistic. No text, no logos, no hands, no people.",
hazelnuts.jpg,hazelnuts,Hazelnuts,Nuts & Seeds,Nuts,$$,/images/ingredients/hazelnuts.jpg,Hazelnuts styled on a charcuterie board,"Close-up editorial food photograph of hazelnuts — round pale-gold kernels once skinned; brown and papery before. Presented on a small unglazed stoneware bowl on oatmeal linen, with a scattering of a few pieces beside the bowl. Styled as it would be served on a charcuterie board: wrap them in a clean kitchen towel. Soft diffused natural window light from the upper left, gentle shadows, shallow depth of field, muted warm editorial palette, 3:2 landscape, food-magazine styling, photorealistic. No text, no logos, no hands, no people.",
macadamia-nuts.jpg,macadamia-nuts,Macadamia Nuts,Nuts & Seeds,Nuts,$$$,/images/ingredients/macadamia-nuts.jpg,Macadamia Nuts styled on a charcuterie board,"Close-up editorial food photograph of macadamia nuts — pale ivory spheres, uniform and glossy. Presented on a small unglazed stoneware bowl on oatmeal linen, with a scattering of a few pieces beside the bowl. Styled as it would be served on a charcuterie board: serve in a small bowl. Soft diffused natural window light from the upper left, gentle shadows, shallow depth of field, muted warm editorial palette, 3:2 landscape, food-magazine styling, photorealistic. No text, no logos, no hands, no people.",
marcona-almonds.jpg,marcona-almonds,Marcona Almonds,Nuts & Seeds,Nuts,$$$,/images/ingredients/marcona-almonds.jpg,Marcona Almonds styled on a charcuterie board,"Close-up editorial food photograph of marcona almonds — pale ivory, round and flat, glossy with oil. Presented on a small unglazed stoneware bowl on oatmeal linen, with a scattering of a few pieces beside the bowl. Styled as it would be served on a charcuterie board: serve in a small bowl. Soft diffused natural window light from the upper left, gentle shadows, shallow depth of field, muted warm editorial palette, 3:2 landscape, food-magazine styling, photorealistic. No text, no logos, no hands, no people.",
pecans.jpg,pecans,Pecans,Nuts & Seeds,Nuts,$$,/images/ingredients/pecans.jpg,Pecans styled on a charcuterie board,"Close-up editorial food photograph of pecans — long ridged halves, reddish-brown. Presented on a small unglazed stoneware bowl on oatmeal linen, with a scattering of a few pieces beside the bowl. Styled as it would be served on a charcuterie board: toasted halves in a loose pile, ridged and glossy. Soft diffused natural window light from the upper left, gentle shadows, shallow depth of field, muted warm editorial palette, 3:2 landscape, food-magazine styling, photorealistic. No text, no logos, no hands, no people.",
pine-nuts.jpg,pine-nuts,Pine Nuts,Nuts & Seeds,Nuts,$$$,/images/ingredients/pine-nuts.jpg,Pine Nuts styled on a charcuterie board,"Close-up editorial food photograph of pine nuts — small ivory teardrops. Presented on a small unglazed stoneware bowl on oatmeal linen, with a scattering of a few pieces beside the bowl. Styled as it would be served on a charcuterie board: scatter, don't serve loose. Soft diffused natural window light from the upper left, gentle shadows, shallow depth of field, muted warm editorial palette, 3:2 landscape, food-magazine styling, photorealistic. No text, no logos, no hands, no people.",
pistachios.jpg,pistachios,Pistachios,Nuts & Seeds,Nuts,$$,/images/ingredients/pistachios.jpg,Pistachios styled on a charcuterie board,"Close-up editorial food photograph of pistachios — pale green kernels with a purple-tinged skin. Presented on a small unglazed stoneware bowl on oatmeal linen, with a scattering of a few pieces beside the bowl. Styled as it would be served on a charcuterie board: shelled green kernels in a small bowl, some in-shell scattered beside. Soft diffused natural window light from the upper left, gentle shadows, shallow depth of field, muted warm editorial palette, 3:2 landscape, food-magazine styling, photorealistic. No text, no logos, no hands, no people.",
smoked-almonds.jpg,smoked-almonds,Smoked Almonds,Nuts & Seeds,Nuts,$,/images/ingredients/smoked-almonds.jpg,Smoked Almonds styled on a charcuterie board,"Close-up editorial food photograph of smoked almonds — dark brown, matte, slightly dusty. Presented on a small unglazed stoneware bowl on oatmeal linen, with a scattering of a few pieces beside the bowl. Styled as it would be served on a charcuterie board: serve in a small bowl. Soft diffused natural window light from the upper left, gentle shadows, shallow depth of field, muted warm editorial palette, 3:2 landscape, food-magazine styling, photorealistic. No text, no logos, no hands, no people.",
walnuts.jpg,walnuts,Walnuts,Nuts & Seeds,Nuts,$,/images/ingredients/walnuts.jpg,Walnuts styled on a charcuterie board,"Close-up editorial food photograph of walnuts — pale brown convoluted halves. Presented on a small unglazed stoneware bowl on oatmeal linen, with a scattering of a few pieces beside the bowl. Styled as it would be served on a charcuterie board: toasted halves in a loose pile, convoluted and pale brown. Soft diffused natural window light from the upper left, gentle shadows, shallow depth of field, muted warm editorial palette, 3:2 landscape, food-magazine styling, photorealistic. No text, no logos, no hands, no people.",
dukkah.jpg,dukkah,Dukkah,Nuts & Seeds,Seeds & blends,$$,/images/ingredients/dukkah.jpg,Dukkah styled on a charcuterie board,"Close-up editorial food photograph of dukkah — sandy brown rubble flecked with sesame. Presented on a small unglazed stoneware bowl on oatmeal linen, with a scattering of a few pieces beside the bowl. Styled as it would be served on a charcuterie board: serve in a small bowl beside a bowl of good olive oil. Soft diffused natural window light from the upper left, gentle shadows, shallow depth of field, muted warm editorial palette, 3:2 landscape, food-magazine styling, photorealistic. No text, no logos, no hands, no people.",
pumpkin-seeds.jpg,pumpkin-seeds,Pumpkin Seeds,Nuts & Seeds,Seeds & blends,$,/images/ingredients/pumpkin-seeds.jpg,Pumpkin Seeds styled on a charcuterie board,"Close-up editorial food photograph of pumpkin seeds — flat oval seeds, deep green. Presented on a small unglazed stoneware bowl on oatmeal linen, with a scattering of a few pieces beside the bowl. Styled as it would be served on a charcuterie board: scatter over cheese. Soft diffused natural window light from the upper left, gentle shadows, shallow depth of field, muted warm editorial palette, 3:2 landscape, food-magazine styling, photorealistic. No text, no logos, no hands, no people.",
sunflower-seeds.jpg,sunflower-seeds,Sunflower Seeds,Nuts & Seeds,Seeds & blends,$,/images/ingredients/sunflower-seeds.jpg,Sunflower Seeds styled on a charcuterie board,"Close-up editorial food photograph of sunflower seeds — small pale grey-green teardrops. Presented on a small unglazed stoneware bowl on oatmeal linen, with a scattering of a few pieces beside the bowl. Styled as it would be served on a charcuterie board: scatter over cheese. Soft diffused natural window light from the upper left, gentle shadows, shallow depth of field, muted warm editorial palette, 3:2 landscape, food-magazine styling, photorealistic. No text, no logos, no hands, no people.",
baba-ganoush.jpg,baba-ganoush,Baba Ganoush,"Spreads, Jams & Honey",Dips & spreads,$$,/images/ingredients/baba-ganoush.jpg,Baba Ganoush styled on a charcuterie board,"Close-up editorial food photograph of baba ganoush — pale grey-beige, glossy with oil, swirled. Presented on a small footed ceramic bowl on a pale marble surface, with a small wooden spreader resting across the rim. Styled as it would be served on a charcuterie board: spread in a shallow bowl with a swirled hollow, olive oil pooled in the centre. Soft diffused natural window light from the upper left, gentle shadows, shallow depth of field, muted warm editorial palette, 3:2 landscape, food-magazine styling, photorealistic. No text, no logos, no hands, no people.",
hummus.jpg,hummus,Hummus,"Spreads, Jams & Honey",Dips & spreads,$,/images/ingredients/hummus.jpg,Hummus styled on a charcuterie board,"Close-up editorial food photograph of hummus — pale beige, swirled, with an oil pool and a topping. Presented on a small footed ceramic bowl on a pale marble surface, with a small wooden spreader resting across the rim. Styled as it would be served on a charcuterie board: spread it in a shallow bowl. Soft diffused natural window light from the upper left, gentle shadows, shallow depth of field, muted warm editorial palette, 3:2 landscape, food-magazine styling, photorealistic. No text, no logos, no hands, no people.",
muhammara.jpg,muhammara,Muhammara,"Spreads, Jams & Honey",Dips & spreads,$$,/images/ingredients/muhammara.jpg,Muhammara styled on a charcuterie board,"Close-up editorial food photograph of muhammara — deep brick red, matte, coarse. Presented on a small footed ceramic bowl on a pale marble surface, with a small wooden spreader resting across the rim. Styled as it would be served on a charcuterie board: spread in a shallow bowl with a swirled hollow, walnuts and pomegranate seeds on top. Soft diffused natural window light from the upper left, gentle shadows, shallow depth of field, muted warm editorial palette, 3:2 landscape, food-magazine styling, photorealistic. No text, no logos, no hands, no people.",
pimento-cheese.jpg,pimento-cheese,Pimento Cheese,"Spreads, Jams & Honey",Dips & spreads,$,/images/ingredients/pimento-cheese.jpg,Pimento Cheese styled on a charcuterie board,"Close-up editorial food photograph of pimento cheese — orange-gold, flecked with red pepper. Presented on a small footed ceramic bowl on a pale marble surface, with a small wooden spreader resting across the rim. Styled as it would be served on a charcuterie board: spooned into a bowl, orange and chunky with visible pepper flecks. Soft diffused natural window light from the upper left, gentle shadows, shallow depth of field, muted warm editorial palette, 3:2 landscape, food-magazine styling, photorealistic. No text, no logos, no hands, no people.",
romesco.jpg,romesco,Romesco,"Spreads, Jams & Honey",Dips & spreads,$$,/images/ingredients/romesco.jpg,Romesco styled on a charcuterie board,"Close-up editorial food photograph of romesco — brick red-orange, matte, coarse. Presented on a small footed ceramic bowl on a pale marble surface, with a small wooden spreader resting across the rim. Styled as it would be served on a charcuterie board: spooned into a bowl, brick red and coarse, olive oil pooled on top. Soft diffused natural window light from the upper left, gentle shadows, shallow depth of field, muted warm editorial palette, 3:2 landscape, food-magazine styling, photorealistic. No text, no logos, no hands, no people.",
tapenade.jpg,tapenade,Tapenade,"Spreads, Jams & Honey",Dips & spreads,$$,/images/ingredients/tapenade.jpg,Tapenade styled on a charcuterie board,"Close-up editorial food photograph of tapenade — near-black or olive-green, glossy. Presented on a small footed ceramic bowl on a pale marble surface, with a small wooden spreader resting across the rim. Styled as it would be served on a charcuterie board: spooned into a small bowl, near-black and coarse, glossy with oil. Soft diffused natural window light from the upper left, gentle shadows, shallow depth of field, muted warm editorial palette, 3:2 landscape, food-magazine styling, photorealistic. No text, no logos, no hands, no people.",
tzatziki.jpg,tzatziki,Tzatziki,"Spreads, Jams & Honey",Dips & spreads,$,/images/ingredients/tzatziki.jpg,Tzatziki styled on a charcuterie board,"Close-up editorial food photograph of tzatziki — white flecked with green, glossy with oil. Presented on a small footed ceramic bowl on a pale marble surface, with a small wooden spreader resting across the rim. Styled as it would be served on a charcuterie board: spooned into a bowl, white flecked with green, oil pooled on top. Soft diffused natural window light from the upper left, gentle shadows, shallow depth of field, muted warm editorial palette, 3:2 landscape, food-magazine styling, photorealistic. No text, no logos, no hands, no people.",
whipped-feta.jpg,whipped-feta,Whipped Feta,"Spreads, Jams & Honey",Dips & spreads,$,/images/ingredients/whipped-feta.jpg,Whipped Feta styled on a charcuterie board,"Close-up editorial food photograph of whipped feta — bright white, swirled, with oil and a topping. Presented on a small footed ceramic bowl on a pale marble surface, with a small wooden spreader resting across the rim. Styled as it would be served on a charcuterie board: spread in a shallow bowl with a swirled hollow, hot honey drizzled over. Soft diffused natural window light from the upper left, gentle shadows, shallow depth of field, muted warm editorial palette, 3:2 landscape, food-magazine styling, photorealistic. No text, no logos, no hands, no people.",
honey.jpg,honey,Honey,"Spreads, Jams & Honey",Honey,$$,/images/ingredients/honey.jpg,Honey styled on a charcuterie board,"Close-up editorial food photograph of honey — pale gold to near-black, in a small pot with a dipper. Presented on a small footed ceramic bowl on a pale marble surface, with a small wooden spreader resting across the rim. Styled as it would be served on a charcuterie board: drizzle over the blue cheese. Soft diffused natural window light from the upper left, gentle shadows, shallow depth of field, muted warm editorial palette, 3:2 landscape, food-magazine styling, photorealistic. No text, no logos, no hands, no people.",
honeycomb.jpg,honeycomb,Honeycomb,"Spreads, Jams & Honey",Honey,$$$,/images/ingredients/honeycomb.jpg,Honeycomb styled on a charcuterie board,"Close-up editorial food photograph of honeycomb — golden hexagons, dripping — the most striking thing on any board. Presented on a small footed ceramic bowl on a pale marble surface, with a small wooden spreader resting across the rim. Styled as it would be served on a charcuterie board: cut a square with a sharp knife. Soft diffused natural window light from the upper left, gentle shadows, shallow depth of field, muted warm editorial palette, 3:2 landscape, food-magazine styling, photorealistic. No text, no logos, no hands, no people.",
hot-honey.jpg,hot-honey,Hot Honey,"Spreads, Jams & Honey",Honey,$$,/images/ingredients/hot-honey.jpg,Hot Honey styled on a charcuterie board,"Close-up editorial food photograph of hot honey — amber, slightly red-tinged, flecked. Presented on a small footed ceramic bowl on a pale marble surface, with a small wooden spreader resting across the rim. Styled as it would be served on a charcuterie board: drizzle over the burrata. Soft diffused natural window light from the upper left, gentle shadows, shallow depth of field, muted warm editorial palette, 3:2 landscape, food-magazine styling, photorealistic. No text, no logos, no hands, no people.",
truffle-honey.jpg,truffle-honey,Truffle Honey,"Spreads, Jams & Honey",Honey,$$$,/images/ingredients/truffle-honey.jpg,Truffle Honey styled on a charcuterie board,"Close-up editorial food photograph of truffle honey — deep amber, flecked with dark truffle shavings in the good jars. Presented on a small footed ceramic bowl on a pale marble surface, with a small wooden spreader resting across the rim. Styled as it would be served on a charcuterie board: serve in a very small pot. Soft diffused natural window light from the upper left, gentle shadows, shallow depth of field, muted warm editorial palette, 3:2 landscape, food-magazine styling, photorealistic. No text, no logos, no hands, no people.",
dijon-mustard.jpg,dijon-mustard,Dijon Mustard,"Spreads, Jams & Honey",Mustard,$,/images/ingredients/dijon-mustard.jpg,Dijon Mustard styled on a charcuterie board,"Close-up editorial food photograph of dijon mustard — pale yellow-beige, matte. Presented on a small footed ceramic bowl on a pale marble surface, with a small wooden spreader resting across the rim. Styled as it would be served on a charcuterie board: spread it thin. Soft diffused natural window light from the upper left, gentle shadows, shallow depth of field, muted warm editorial palette, 3:2 landscape, food-magazine styling, photorealistic. No text, no logos, no hands, no people.",
honey-mustard.jpg,honey-mustard,Honey Mustard,"Spreads, Jams & Honey",Mustard,$,/images/ingredients/honey-mustard.jpg,Honey Mustard styled on a charcuterie board,"Close-up editorial food photograph of honey mustard — golden, thicker than plain mustard. Presented on a small footed ceramic bowl on a pale marble surface, with a small wooden spreader resting across the rim. Styled as it would be served on a charcuterie board: spooned into a small bowl, glossy and golden. Soft diffused natural window light from the upper left, gentle shadows, shallow depth of field, muted warm editorial palette, 3:2 landscape, food-magazine styling, photorealistic. No text, no logos, no hands, no people.",
whole-grain-mustard.jpg,whole-grain-mustard,Whole Grain Mustard,"Spreads, Jams & Honey",Mustard,$,/images/ingredients/whole-grain-mustard.jpg,Whole Grain Mustard styled on a charcuterie board,"Close-up editorial food photograph of whole grain mustard — pale gold-brown, visibly seeded. Presented on a small footed ceramic bowl on a pale marble surface, with a small wooden spreader resting across the rim. Styled as it would be served on a charcuterie board: spooned into a small bowl, visibly seeded, a tiny spoon alongside. Soft diffused natural window light from the upper left, gentle shadows, shallow depth of field, muted warm editorial palette, 3:2 landscape, food-magazine styling, photorealistic. No text, no logos, no hands, no people.",
bacon-jam.jpg,bacon-jam,Bacon Jam,"Spreads, Jams & Honey",Savoury condiments,$$$,/images/ingredients/bacon-jam.jpg,Bacon Jam styled on a charcuterie board,"Close-up editorial food photograph of bacon jam — very dark brown, glossy, almost black. Presented on a small footed ceramic bowl on a pale marble surface, with a small wooden spreader resting across the rim. Styled as it would be served on a charcuterie board: serve it at room temperature. Soft diffused natural window light from the upper left, gentle shadows, shallow depth of field, muted warm editorial palette, 3:2 landscape, food-magazine styling, photorealistic. No text, no logos, no hands, no people.",
cranberry-sauce.jpg,cranberry-sauce,Cranberry Sauce,"Spreads, Jams & Honey",Savoury condiments,$,/images/ingredients/cranberry-sauce.jpg,Cranberry Sauce styled on a charcuterie board,"Close-up editorial food photograph of cranberry sauce — bright crimson, glossy. Presented on a small footed ceramic bowl on a pale marble surface, with a small wooden spreader resting across the rim. Styled as it would be served on a charcuterie board: spooned into a small bowl, crimson and glossy with burst berries. Soft diffused natural window light from the upper left, gentle shadows, shallow depth of field, muted warm editorial palette, 3:2 landscape, food-magazine styling, photorealistic. No text, no logos, no hands, no people.",
mango-chutney.jpg,mango-chutney,Mango Chutney,"Spreads, Jams & Honey",Savoury condiments,$,/images/ingredients/mango-chutney.jpg,Mango Chutney styled on a charcuterie board,"Close-up editorial food photograph of mango chutney — amber-brown, glossy, visibly chunked. Presented on a small footed ceramic bowl on a pale marble surface, with a small wooden spreader resting across the rim. Styled as it would be served on a charcuterie board: spooned into a small bowl, amber and chunky with visible fruit. Soft diffused natural window light from the upper left, gentle shadows, shallow depth of field, muted warm editorial palette, 3:2 landscape, food-magazine styling, photorealistic. No text, no logos, no hands, no people.",
mostarda.jpg,mostarda,Mostarda,"Spreads, Jams & Honey",Savoury condiments,$$$,/images/ingredients/mostarda.jpg,Mostarda styled on a charcuterie board,"Close-up editorial food photograph of mostarda — translucent jewel-coloured fruit, glossy. Presented on a small footed ceramic bowl on a pale marble surface, with a small wooden spreader resting across the rim. Styled as it would be served on a charcuterie board: cut large pieces. Soft diffused natural window light from the upper left, gentle shadows, shallow depth of field, muted warm editorial palette, 3:2 landscape, food-magazine styling, photorealistic. No text, no logos, no hands, no people.",
onion-jam.jpg,onion-jam,Onion Jam,"Spreads, Jams & Honey",Savoury condiments,$$,/images/ingredients/onion-jam.jpg,Onion Jam styled on a charcuterie board,"Close-up editorial food photograph of onion jam — dark mahogany brown, glossy, visibly stranded. Presented on a small footed ceramic bowl on a pale marble surface, with a small wooden spreader resting across the rim. Styled as it would be served on a charcuterie board: spooned into a small bowl, dark mahogany, visible strands of onion. Soft diffused natural window light from the upper left, gentle shadows, shallow depth of field, muted warm editorial palette, 3:2 landscape, food-magazine styling, photorealistic. No text, no logos, no hands, no people.",
pepper-jelly.jpg,pepper-jelly,Pepper Jelly,"Spreads, Jams & Honey",Savoury condiments,$,/images/ingredients/pepper-jelly.jpg,Pepper Jelly styled on a charcuterie board,"Close-up editorial food photograph of pepper jelly — translucent red or green, flecked with pepper. Presented on a small footed ceramic bowl on a pale marble surface, with a small wooden spreader resting across the rim. Styled as it would be served on a charcuterie board: break the set. Soft diffused natural window light from the upper left, gentle shadows, shallow depth of field, muted warm editorial palette, 3:2 landscape, food-magazine styling, photorealistic. No text, no logos, no hands, no people.",
apple-butter.jpg,apple-butter,Apple Butter,"Spreads, Jams & Honey",Sweet preserves,$,/images/ingredients/apple-butter.jpg,Apple Butter styled on a charcuterie board,"Close-up editorial food photograph of apple butter — deep brown, matte, no visible fruit. Presented on a small footed ceramic bowl on a pale marble surface, with a small wooden spreader resting across the rim. Styled as it would be served on a charcuterie board: spooned into a small bowl, thick and smooth, a spreader alongside. Soft diffused natural window light from the upper left, gentle shadows, shallow depth of field, muted warm editorial palette, 3:2 landscape, food-magazine styling, photorealistic. No text, no logos, no hands, no people.",
apricot-jam.jpg,apricot-jam,Apricot Jam,"Spreads, Jams & Honey",Sweet preserves,$,/images/ingredients/apricot-jam.jpg,Apricot Jam styled on a charcuterie board,"Close-up editorial food photograph of apricot jam — glowing orange, translucent. Presented on a small footed ceramic bowl on a pale marble surface, with a small wooden spreader resting across the rim. Styled as it would be served on a charcuterie board: spooned into a small bowl, glowing and loose, soft fruit pieces visible. Soft diffused natural window light from the upper left, gentle shadows, shallow depth of field, muted warm editorial palette, 3:2 landscape, food-magazine styling, photorealistic. No text, no logos, no hands, no people.",
cherry-preserves.jpg,cherry-preserves,Cherry Preserves,"Spreads, Jams & Honey",Sweet preserves,$$,/images/ingredients/cherry-preserves.jpg,Cherry Preserves styled on a charcuterie board,"Close-up editorial food photograph of cherry preserves — dark garnet, glossy, with visible cherries. Presented on a small footed ceramic bowl on a pale marble surface, with a small wooden spreader resting across the rim. Styled as it would be served on a charcuterie board: spooned into a small bowl, whole dark cherries glistening in syrup. Soft diffused natural window light from the upper left, gentle shadows, shallow depth of field, muted warm editorial palette, 3:2 landscape, food-magazine styling, photorealistic. No text, no logos, no hands, no people.",
fig-jam.jpg,fig-jam,Fig Jam,"Spreads, Jams & Honey",Sweet preserves,$$,/images/ingredients/fig-jam.jpg,Fig Jam styled on a charcuterie board,"Close-up editorial food photograph of fig jam — dark purple-brown, glossy, flecked with seeds. Presented on a small footed ceramic bowl on a pale marble surface, with a small wooden spreader resting across the rim. Styled as it would be served on a charcuterie board: spooned into a small bowl, dark and glossy, seeds visible, a spreader across the rim. Soft diffused natural window light from the upper left, gentle shadows, shallow depth of field, muted warm editorial palette, 3:2 landscape, food-magazine styling, photorealistic. No text, no logos, no hands, no people.",
membrillo.jpg,membrillo,Membrillo,"Spreads, Jams & Honey",Sweet preserves,$$,/images/ingredients/membrillo.jpg,Membrillo styled on a charcuterie board,"Close-up editorial food photograph of membrillo — translucent amber-red batons or slices. Presented on a small footed ceramic bowl on a pale marble surface, with a small wooden spreader resting across the rim. Styled as it would be served on a charcuterie board: cut it into batons or thin slices. Soft diffused natural window light from the upper left, gentle shadows, shallow depth of field, muted warm editorial palette, 3:2 landscape, food-magazine styling, photorealistic. No text, no logos, no hands, no people.",
orange-marmalade.jpg,orange-marmalade,Orange Marmalade,"Spreads, Jams & Honey",Sweet preserves,$,/images/ingredients/orange-marmalade.jpg,Orange Marmalade styled on a charcuterie board,"Close-up editorial food photograph of orange marmalade — amber to deep orange, translucent, shot through with peel. Presented on a small footed ceramic bowl on a pale marble surface, with a small wooden spreader resting across the rim. Styled as it would be served on a charcuterie board: spooned into a small bowl, translucent amber shot through with peel. Soft diffused natural window light from the upper left, gentle shadows, shallow depth of field, muted warm editorial palette, 3:2 landscape, food-magazine styling, photorealistic. No text, no logos, no hands, no people.",
tomato-jam.jpg,tomato-jam,Tomato Jam,"Spreads, Jams & Honey",Sweet preserves,$$,/images/ingredients/tomato-jam.jpg,Tomato Jam styled on a charcuterie board,"Close-up editorial food photograph of tomato jam — deep brick red, glossy. Presented on a small footed ceramic bowl on a pale marble surface, with a small wooden spreader resting across the rim. Styled as it would be served on a charcuterie board: spooned into a small bowl, deep brick red and glossy. Soft diffused natural window light from the upper left, gentle shadows, shallow depth of field, muted warm editorial palette, 3:2 landscape, food-magazine styling, photorealistic. No text, no logos, no hands, no people.",
castelvetrano-olives.jpg,castelvetrano-olives,Castelvetrano Olives,"Pickles, Olives & Briny",Olives,$$,/images/ingredients/castelvetrano-olives.jpg,Castelvetrano Olives styled on a charcuterie board,"Close-up editorial food photograph of castelvetrano olives — bright grass-green, glossy, plump. Presented on a small shallow glazed dish on weathered grey wood, with two or three pieces scattered beside the dish. Styled as it would be served on a charcuterie board: serve in a small bowl. Soft diffused natural window light from the upper left, gentle shadows, shallow depth of field, muted warm editorial palette, 3:2 landscape, food-magazine styling, photorealistic. No text, no logos, no hands, no people.",
cerignola-olives.jpg,cerignola-olives,Cerignola Olives,"Pickles, Olives & Briny",Olives,$$,/images/ingredients/cerignola-olives.jpg,Cerignola Olives styled on a charcuterie board,"Close-up editorial food photograph of cerignola olives — very large, glossy, in vivid green, black or red. Presented on a small shallow glazed dish on weathered grey wood, with two or three pieces scattered beside the dish. Styled as it would be served on a charcuterie board: serve in a bowl with a pit bowl beside it. Soft diffused natural window light from the upper left, gentle shadows, shallow depth of field, muted warm editorial palette, 3:2 landscape, food-magazine styling, photorealistic. No text, no logos, no hands, no people.",
kalamata-olives.jpg,kalamata-olives,Kalamata Olives,"Pickles, Olives & Briny",Olives,$,/images/ingredients/kalamata-olives.jpg,Kalamata Olives styled on a charcuterie board,"Close-up editorial food photograph of kalamata olives — deep purple-black, almond-shaped, glossy. Presented on a small shallow glazed dish on weathered grey wood, with two or three pieces scattered beside the dish. Styled as it would be served on a charcuterie board: serve in a small bowl. Soft diffused natural window light from the upper left, gentle shadows, shallow depth of field, muted warm editorial palette, 3:2 landscape, food-magazine styling, photorealistic. No text, no logos, no hands, no people.",
manzanilla-olives.jpg,manzanilla-olives,Manzanilla Olives,"Pickles, Olives & Briny",Olives,$,/images/ingredients/manzanilla-olives.jpg,Manzanilla Olives styled on a charcuterie board,"Close-up editorial food photograph of manzanilla olives — pale green, small, often stuffed with red pimento. Presented on a small shallow glazed dish on weathered grey wood, with two or three pieces scattered beside the dish. Styled as it would be served on a charcuterie board: serve in a small bowl. Soft diffused natural window light from the upper left, gentle shadows, shallow depth of field, muted warm editorial palette, 3:2 landscape, food-magazine styling, photorealistic. No text, no logos, no hands, no people.",
mixed-marinated-olives.jpg,mixed-marinated-olives,Mixed Marinated Olives,"Pickles, Olives & Briny",Olives,$$,/images/ingredients/mixed-marinated-olives.jpg,Mixed Marinated Olives styled on a charcuterie board,"Close-up editorial food photograph of mixed marinated olives — green, purple and black together, glossy with oil and flecked with zest. Presented on a small shallow glazed dish on weathered grey wood, with two or three pieces scattered beside the dish. Styled as it would be served on a charcuterie board: dress. Soft diffused natural window light from the upper left, gentle shadows, shallow depth of field, muted warm editorial palette, 3:2 landscape, food-magazine styling, photorealistic. No text, no logos, no hands, no people.",
nicoise-olives.jpg,nicoise-olives,Niçoise Olives,"Pickles, Olives & Briny",Olives,$$$,/images/ingredients/nicoise-olives.jpg,Niçoise Olives styled on a charcuterie board,"Close-up editorial food photograph of niçoise olives — small dark purple-brown ovals, often with herbs clinging. Presented on a small shallow glazed dish on weathered grey wood, with two or three pieces scattered beside the dish. Styled as it would be served on a charcuterie board: a small heap of tiny dark wrinkled olives flecked with herbs. Soft diffused natural window light from the upper left, gentle shadows, shallow depth of field, muted warm editorial palette, 3:2 landscape, food-magazine styling, photorealistic. No text, no logos, no hands, no people.",
oil-cured-olives.jpg,oil-cured-olives,Oil-Cured Olives,"Pickles, Olives & Briny",Olives,$$,/images/ingredients/oil-cured-olives.jpg,Oil-Cured Olives styled on a charcuterie board,"Close-up editorial food photograph of oil-cured olives — matte black, deeply wrinkled, oil-slicked. Presented on a small shallow glazed dish on weathered grey wood, with two or three pieces scattered beside the dish. Styled as it would be served on a charcuterie board: serve in a small bowl. Soft diffused natural window light from the upper left, gentle shadows, shallow depth of field, muted warm editorial palette, 3:2 landscape, food-magazine styling, photorealistic. No text, no logos, no hands, no people.",
caperberries.jpg,caperberries,Caperberries,"Pickles, Olives & Briny",Peppers & briny,$$,/images/ingredients/caperberries.jpg,Caperberries styled on a charcuterie board,"Close-up editorial food photograph of caperberries — olive-green, grape-sized, with a long stem. Presented on a small shallow glazed dish on weathered grey wood, with two or three pieces scattered beside the dish. Styled as it would be served on a charcuterie board: heaped in a small dish with their long stems pointing outward. Soft diffused natural window light from the upper left, gentle shadows, shallow depth of field, muted warm editorial palette, 3:2 landscape, food-magazine styling, photorealistic. No text, no logos, no hands, no people.",
capers.jpg,capers,Capers,"Pickles, Olives & Briny",Peppers & briny,$$,/images/ingredients/capers.jpg,Capers styled on a charcuterie board,"Close-up editorial food photograph of capers — tiny olive-green buds. Presented on a small shallow glazed dish on weathered grey wood, with two or three pieces scattered beside the dish. Styled as it would be served on a charcuterie board: scatter, don't serve. Soft diffused natural window light from the upper left, gentle shadows, shallow depth of field, muted warm editorial palette, 3:2 landscape, food-magazine styling, photorealistic. No text, no logos, no hands, no people.",
marinated-artichokes.jpg,marinated-artichokes,Marinated Artichokes,"Pickles, Olives & Briny",Peppers & briny,$$,/images/ingredients/marinated-artichokes.jpg,Marinated Artichokes styled on a charcuterie board,"Close-up editorial food photograph of marinated artichokes — pale green-yellow quarters, glossy with oil, flecked with herbs. Presented on a small shallow glazed dish on weathered grey wood, with two or three pieces scattered beside the dish. Styled as it would be served on a charcuterie board: serve in a small bowl. Soft diffused natural window light from the upper left, gentle shadows, shallow depth of field, muted warm editorial palette, 3:2 landscape, food-magazine styling, photorealistic. No text, no logos, no hands, no people.",
marinated-mushrooms.jpg,marinated-mushrooms,Marinated Mushrooms,"Pickles, Olives & Briny",Peppers & briny,$$,/images/ingredients/marinated-mushrooms.jpg,Marinated Mushrooms styled on a charcuterie board,"Close-up editorial food photograph of marinated mushrooms — small pale brown caps, glossy with oil, flecked with herbs. Presented on a small shallow glazed dish on weathered grey wood, with two or three pieces scattered beside the dish. Styled as it would be served on a charcuterie board: serve in a small bowl. Soft diffused natural window light from the upper left, gentle shadows, shallow depth of field, muted warm editorial palette, 3:2 landscape, food-magazine styling, photorealistic. No text, no logos, no hands, no people.",
peppadew.jpg,peppadew,Peppadew,"Pickles, Olives & Briny",Peppers & briny,$$,/images/ingredients/peppadew.jpg,Peppadew styled on a charcuterie board,"Close-up editorial food photograph of peppadew — small bright red globes, glossy. Presented on a small shallow glazed dish on weathered grey wood, with two or three pieces scattered beside the dish. Styled as it would be served on a charcuterie board: small red peppers, some whole and some stuffed with white cheese. Soft diffused natural window light from the upper left, gentle shadows, shallow depth of field, muted warm editorial palette, 3:2 landscape, food-magazine styling, photorealistic. No text, no logos, no hands, no people.",
pepperoncini.jpg,pepperoncini,Pepperoncini,"Pickles, Olives & Briny",Peppers & briny,$,/images/ingredients/pepperoncini.jpg,Pepperoncini styled on a charcuterie board,"Close-up editorial food photograph of pepperoncini — pale yellow-green, wrinkled, two to three inches. Presented on a small shallow glazed dish on weathered grey wood, with two or three pieces scattered beside the dish. Styled as it would be served on a charcuterie board: whole pale wrinkled peppers with stems, heaped in a shallow dish. Soft diffused natural window light from the upper left, gentle shadows, shallow depth of field, muted warm editorial palette, 3:2 landscape, food-magazine styling, photorealistic. No text, no logos, no hands, no people.",
roasted-red-peppers.jpg,roasted-red-peppers,Roasted Red Peppers,"Pickles, Olives & Briny",Peppers & briny,$,/images/ingredients/roasted-red-peppers.jpg,Roasted Red Peppers styled on a charcuterie board,"Close-up editorial food photograph of roasted red peppers — deep glossy red strips or whole small peppers. Presented on a small shallow glazed dish on weathered grey wood, with two or three pieces scattered beside the dish. Styled as it would be served on a charcuterie board: cut into strips. Soft diffused natural window light from the upper left, gentle shadows, shallow depth of field, muted warm editorial palette, 3:2 landscape, food-magazine styling, photorealistic. No text, no logos, no hands, no people.",
sun-dried-tomatoes.jpg,sun-dried-tomatoes,Sun-Dried Tomatoes,"Pickles, Olives & Briny",Peppers & briny,$$,/images/ingredients/sun-dried-tomatoes.jpg,Sun-Dried Tomatoes styled on a charcuterie board,"Close-up editorial food photograph of sun-dried tomatoes — deep brick red, wrinkled, glossy with oil. Presented on a small shallow glazed dish on weathered grey wood, with two or three pieces scattered beside the dish. Styled as it would be served on a charcuterie board: cut large halves into strips. Soft diffused natural window light from the upper left, gentle shadows, shallow depth of field, muted warm editorial palette, 3:2 landscape, food-magazine styling, photorealistic. No text, no logos, no hands, no people.",
bread-and-butter-pickles.jpg,bread-and-butter-pickles,Bread and Butter Pickles,"Pickles, Olives & Briny",Pickles,$,/images/ingredients/bread-and-butter-pickles.jpg,Bread and Butter Pickles styled on a charcuterie board,"Close-up editorial food photograph of bread and butter pickles — golden-green crinkle-cut discs, flecked with seed and onion. Presented on a small shallow glazed dish on weathered grey wood, with two or three pieces scattered beside the dish. Styled as it would be served on a charcuterie board: fan the coins. Soft diffused natural window light from the upper left, gentle shadows, shallow depth of field, muted warm editorial palette, 3:2 landscape, food-magazine styling, photorealistic. No text, no logos, no hands, no people.",
cornichons.jpg,cornichons,Cornichons,"Pickles, Olives & Briny",Pickles,$,/images/ingredients/cornichons.jpg,Cornichons styled on a charcuterie board,"Close-up editorial food photograph of cornichons — small bumpy green pickles, one to two inches, in cloudy brine. Presented on a small shallow glazed dish on weathered grey wood, with two or three pieces scattered beside the dish. Styled as it would be served on a charcuterie board: a small heap of tiny bumpy green pickles in a shallow dish. Soft diffused natural window light from the upper left, gentle shadows, shallow depth of field, muted warm editorial palette, 3:2 landscape, food-magazine styling, photorealistic. No text, no logos, no hands, no people.",
dill-pickles.jpg,dill-pickles,Dill Pickles,"Pickles, Olives & Briny",Pickles,$,/images/ingredients/dill-pickles.jpg,Dill Pickles styled on a charcuterie board,"Close-up editorial food photograph of dill pickles — deep green, sometimes cloudy in the jar. Presented on a small shallow glazed dish on weathered grey wood, with two or three pieces scattered beside the dish. Styled as it would be served on a charcuterie board: cut whole pickles into spears or coins. Soft diffused natural window light from the upper left, gentle shadows, shallow depth of field, muted warm editorial palette, 3:2 landscape, food-magazine styling, photorealistic. No text, no logos, no hands, no people.",
giardiniera.jpg,giardiniera,Giardiniera,"Pickles, Olives & Briny",Pickles,$,/images/ingredients/giardiniera.jpg,Giardiniera styled on a charcuterie board,"Close-up editorial food photograph of giardiniera — mixed white, orange, green and red pieces. Presented on a small shallow glazed dish on weathered grey wood, with two or three pieces scattered beside the dish. Styled as it would be served on a charcuterie board: serve in a small bowl. Soft diffused natural window light from the upper left, gentle shadows, shallow depth of field, muted warm editorial palette, 3:2 landscape, food-magazine styling, photorealistic. No text, no logos, no hands, no people.",
pickled-green-beans.jpg,pickled-green-beans,Pickled Green Beans,"Pickles, Olives & Briny",Pickles,$$,/images/ingredients/pickled-green-beans.jpg,Pickled Green Beans styled on a charcuterie board,"Close-up editorial food photograph of pickled green beans — long bright green beans, often bundled upright. Presented on a small shallow glazed dish on weathered grey wood, with two or three pieces scattered beside the dish. Styled as it would be served on a charcuterie board: stand them upright. Soft diffused natural window light from the upper left, gentle shadows, shallow depth of field, muted warm editorial palette, 3:2 landscape, food-magazine styling, photorealistic. No text, no logos, no hands, no people.",
pickled-okra.jpg,pickled-okra,Pickled Okra,"Pickles, Olives & Briny",Pickles,$$,/images/ingredients/pickled-okra.jpg,Pickled Okra styled on a charcuterie board,"Close-up editorial food photograph of pickled okra — small ridged green pods with pointed tips. Presented on a small shallow glazed dish on weathered grey wood, with two or three pieces scattered beside the dish. Styled as it would be served on a charcuterie board: fan the pods. Soft diffused natural window light from the upper left, gentle shadows, shallow depth of field, muted warm editorial palette, 3:2 landscape, food-magazine styling, photorealistic. No text, no logos, no hands, no people.",
pickled-red-onions.jpg,pickled-red-onions,Pickled Red Onions,"Pickles, Olives & Briny",Pickles,$,/images/ingredients/pickled-red-onions.jpg,Pickled Red Onions styled on a charcuterie board,"Close-up editorial food photograph of pickled red onions — vivid magenta-pink strands. Presented on a small shallow glazed dish on weathered grey wood, with two or three pieces scattered beside the dish. Styled as it would be served on a charcuterie board: serve in a small bowl. Soft diffused natural window light from the upper left, gentle shadows, shallow depth of field, muted warm editorial palette, 3:2 landscape, food-magazine styling, photorealistic. No text, no logos, no hands, no people.",
amaretti.jpg,amaretti,Amaretti,Finishing Touches,Chocolate & sweets,$$,/images/ingredients/amaretti.jpg,Amaretti styled on a charcuterie board,"Close-up editorial food photograph of amaretti — small domed biscuits with a cracked top, often in twisted paper wrappers. Presented on a pale marble surface, with generous negative space around it. Styled as it would be served on a charcuterie board: crumble some over mascarpone or ricotta. Soft diffused natural window light from the upper left, gentle shadows, shallow depth of field, muted warm editorial palette, 3:2 landscape, food-magazine styling, photorealistic. No text, no logos, no hands, no people.",
biscotti.jpg,biscotti,Biscotti,Finishing Touches,Chocolate & sweets,$$,/images/ingredients/biscotti.jpg,Biscotti styled on a charcuterie board,"Close-up editorial food photograph of biscotti — long angled slices with visible whole nuts. Presented on a pale marble surface, with generous negative space around it. Styled as it would be served on a charcuterie board: stand them in a jar or glass. Soft diffused natural window light from the upper left, gentle shadows, shallow depth of field, muted warm editorial palette, 3:2 landscape, food-magazine styling, photorealistic. No text, no logos, no hands, no people.",
chocolate-covered-almonds.jpg,chocolate-covered-almonds,Chocolate Covered Almonds,Finishing Touches,Chocolate & sweets,$$,/images/ingredients/chocolate-covered-almonds.jpg,Chocolate Covered Almonds styled on a charcuterie board,"Close-up editorial food photograph of chocolate covered almonds — dark round pebbles, matte if cocoa-dusted, glossy if enrobed. Presented on a pale marble surface, with generous negative space around it. Styled as it would be served on a charcuterie board: serve in a bowl. Soft diffused natural window light from the upper left, gentle shadows, shallow depth of field, muted warm editorial palette, 3:2 landscape, food-magazine styling, photorealistic. No text, no logos, no hands, no people.",
dark-chocolate.jpg,dark-chocolate,Dark Chocolate,Finishing Touches,Chocolate & sweets,$$,/images/ingredients/dark-chocolate.jpg,Dark Chocolate styled on a charcuterie board,"Close-up editorial food photograph of dark chocolate — glossy dark brown shards with a clean break. Presented on a pale marble surface, with generous negative space around it. Styled as it would be served on a charcuterie board: break it into irregular shards. Soft diffused natural window light from the upper left, gentle shadows, shallow depth of field, muted warm editorial palette, 3:2 landscape, food-magazine styling, photorealistic. No text, no logos, no hands, no people.",
sea-salt-caramels.jpg,sea-salt-caramels,Sea Salt Caramels,Finishing Touches,Chocolate & sweets,$$,/images/ingredients/sea-salt-caramels.jpg,Sea Salt Caramels styled on a charcuterie board,"Close-up editorial food photograph of sea salt caramels — amber-brown squares topped with visible salt flakes. Presented on a pale marble surface, with generous negative space around it. Styled as it would be served on a charcuterie board: cut large ones in half. Soft diffused natural window light from the upper left, gentle shadows, shallow depth of field, muted warm editorial palette, 3:2 landscape, food-magazine styling, photorealistic. No text, no logos, no hands, no people.",
edible-flowers.jpg,edible-flowers,Edible Flowers,Finishing Touches,Fresh herbs & garnish,$$$,/images/ingredients/edible-flowers.jpg,Edible Flowers styled on a charcuterie board,"Close-up editorial food photograph of edible flowers — vivid purple, yellow, orange and blue against cream and white. Presented on a pale marble surface, with generous negative space around it. Styled as it would be served on a charcuterie board: a few vivid violas and nasturtiums placed deliberately on white cheese. Soft diffused natural window light from the upper left, gentle shadows, shallow depth of field, muted warm editorial palette, 3:2 landscape, food-magazine styling, photorealistic. No text, no logos, no hands, no people.",
fresh-basil.jpg,fresh-basil,Fresh Basil,Finishing Touches,Fresh herbs & garnish,$,/images/ingredients/fresh-basil.jpg,Fresh Basil styled on a charcuterie board,"Close-up editorial food photograph of fresh basil — large glossy green leaves. Presented on a pale marble surface, with generous negative space around it. Styled as it would be served on a charcuterie board: whole and torn leaves scattered over white cheese. Soft diffused natural window light from the upper left, gentle shadows, shallow depth of field, muted warm editorial palette, 3:2 landscape, food-magazine styling, photorealistic. No text, no logos, no hands, no people.",
fresh-thyme.jpg,fresh-thyme,Fresh Thyme,Finishing Touches,Fresh herbs & garnish,$,/images/ingredients/fresh-thyme.jpg,Fresh Thyme styled on a charcuterie board,"Close-up editorial food photograph of fresh thyme — small grey-green leaves, sometimes with pale flowers. Presented on a pale marble surface, with generous negative space around it. Styled as it would be served on a charcuterie board: scatter the leaves. Soft diffused natural window light from the upper left, gentle shadows, shallow depth of field, muted warm editorial palette, 3:2 landscape, food-magazine styling, photorealistic. No text, no logos, no hands, no people.",
rosemary-sprigs.jpg,rosemary-sprigs,Rosemary Sprigs,Finishing Touches,Fresh herbs & garnish,$,/images/ingredients/rosemary-sprigs.jpg,Rosemary Sprigs styled on a charcuterie board,"Close-up editorial food photograph of rosemary sprigs — dark blue-green needles, four to six inch sprigs. Presented on a pale marble surface, with generous negative space around it. Styled as it would be served on a charcuterie board: tuck them into gaps. Soft diffused natural window light from the upper left, gentle shadows, shallow depth of field, muted warm editorial palette, 3:2 landscape, food-magazine styling, photorealistic. No text, no logos, no hands, no people.",
balsamic-glaze.jpg,balsamic-glaze,Balsamic Glaze,Finishing Touches,Oils & drizzles,$$,/images/ingredients/balsamic-glaze.jpg,Balsamic Glaze styled on a charcuterie board,"Close-up editorial food photograph of balsamic glaze — near-black, glossy. Presented on a pale marble surface, with generous negative space around it. Styled as it would be served on a charcuterie board: drizzle in a zigzag. Soft diffused natural window light from the upper left, gentle shadows, shallow depth of field, muted warm editorial palette, 3:2 landscape, food-magazine styling, photorealistic. No text, no logos, no hands, no people.",
chili-oil.jpg,chili-oil,Chili Oil,Finishing Touches,Oils & drizzles,$$,/images/ingredients/chili-oil.jpg,Chili Oil styled on a charcuterie board,"Close-up editorial food photograph of chili oil — deep red oil with a dense layer of solids at the bottom. Presented on a pale marble surface, with generous negative space around it. Styled as it would be served on a charcuterie board: spooned over soft white cheese, the fried solids visible in the red oil. Soft diffused natural window light from the upper left, gentle shadows, shallow depth of field, muted warm editorial palette, 3:2 landscape, food-magazine styling, photorealistic. No text, no logos, no hands, no people.",
olive-oil.jpg,olive-oil,Olive Oil,Finishing Touches,Oils & drizzles,$$$,/images/ingredients/olive-oil.jpg,Olive Oil styled on a charcuterie board,"Close-up editorial food photograph of olive oil — green-gold, cloudy if unfiltered. Presented on a pale marble surface, with generous negative space around it. Styled as it would be served on a charcuterie board: pour it into a small bowl. Soft diffused natural window light from the upper left, gentle shadows, shallow depth of field, muted warm editorial palette, 3:2 landscape, food-magazine styling, photorealistic. No text, no logos, no hands, no people.",
chili-flakes.jpg,chili-flakes,Chili Flakes,Finishing Touches,Salt & spice,$,/images/ingredients/chili-flakes.jpg,Chili Flakes styled on a charcuterie board,"Close-up editorial food photograph of chili flakes — red flecks, dark burgundy for Aleppo, bright red for generic. Presented on a pale marble surface, with generous negative space around it. Styled as it would be served on a charcuterie board: a small dish of burgundy flakes, a scattering across the surface. Soft diffused natural window light from the upper left, gentle shadows, shallow depth of field, muted warm editorial palette, 3:2 landscape, food-magazine styling, photorealistic. No text, no logos, no hands, no people.",
cracked-black-pepper.jpg,cracked-black-pepper,Cracked Black Pepper,Finishing Touches,Salt & spice,$,/images/ingredients/cracked-black-pepper.jpg,Cracked Black Pepper styled on a charcuterie board,"Close-up editorial food photograph of cracked black pepper — black and grey flecks, visible on pale surfaces. Presented on a pale marble surface, with generous negative space around it. Styled as it would be served on a charcuterie board: coarsely cracked pepper scattered over pale cheese. Soft diffused natural window light from the upper left, gentle shadows, shallow depth of field, muted warm editorial palette, 3:2 landscape, food-magazine styling, photorealistic. No text, no logos, no hands, no people.",
flaky-sea-salt.jpg,flaky-sea-salt,Flaky Sea Salt,Finishing Touches,Salt & spice,$$,/images/ingredients/flaky-sea-salt.jpg,Flaky Sea Salt styled on a charcuterie board,"Close-up editorial food photograph of flaky sea salt — white pyramid flakes, translucent at the edges. Presented on a pale marble surface, with generous negative space around it. Styled as it would be served on a charcuterie board: finish the burrata yourself. Soft diffused natural window light from the upper left, gentle shadows, shallow depth of field, muted warm editorial palette, 3:2 landscape, food-magazine styling, photorealistic. No text, no logos, no hands, no people.",
za-atar.jpg,za-atar,Za'atar,Finishing Touches,Salt & spice,$,/images/ingredients/za-atar.jpg,Za'atar styled on a charcuterie board,"Close-up editorial food photograph of za'atar — dusty green-red, flecked with pale sesame. Presented on a pale marble surface, with generous negative space around it. Styled as it would be served on a charcuterie board: a small dish of green-red blend beside a shallow dish of olive oil. Soft diffused natural window light from the upper left, gentle shadows, shallow depth of field, muted warm editorial palette, 3:2 landscape, food-magazine styling, photorealistic. No text, no logos, no hands, no people.",
